"","EGFR","Hypoxia","JAK-STAT","MAPK","NFkB","PI3K","TGFb","TNFa","Trail","VEGF","p53","Androgen","Estrogen","WNT"
"ABCA12",0,0,0,0,0,0,0,0,0,0,9.597182119,0,0,0
"ABCA6",0,0,0,0,0,0,-3.271536895,0,0,0,0,0,0,0
"ABCA8",0,0,0,0,0,0,-1.70924508,0,0,0,0,0,0,0
"ABCC4",0,0,0,0,0,0,0,0,0,0,0,9.37428478112,0,0
"ABCC5",0,0,0,0,0,0,0,0,0,0,0,0,-4.8549878295,0
"ACER2",0,0,0,0,0,0,0,0,0,0,11.59606439,0,0,0
"ACOX3",0,0,0,0,0,0,2.721528765,0,0,0,0,0,0,0
"ACPP",0,0,0,0,0,0,0,0,0,0,0,-3.01472809845,0,0
"ACSL3",0,0,0,0,0,0,0,0,0,0,0,8.25821358567,0,0
"ACTC1",0,0,0,0,0,0,3.337429797,0,0,0,0,0,0,0
"ACVR2B-AS1",0,0,0,0,0,-3.929886269,0,0,0,0,0,0,0,0
"ADAM12",0,0,0,0,0,0,3.968304535,0,0,0,0,0,0,0
"ADAM6",0,0,0,0,0,0,0,0,1.356441358,0,0,0,0,0
"ADAM7",0,0,0,0,0,0,0,0,0,0,0,3.11174530687,0,0
"ADAMTS17",0,0,0,0,0,0,0,0,-1.577349257,0,0,0,0,0
"ADAR",0,0,3.874928961,0,0,0,0,0,0,0,0,0,0,0
"ADCY9",0,0,0,0,0,0,0,0,0,0,0,0,3.2478819979,0
"ADGRD1",0,0,0,0,0,0,0,0,0,-3.686645233,0,0,0,0
"ADM",0,17.82569614,0,0,0,0,0,0,0,0,0,0,0,0
"ADORA1",1.267810008,0,0,0,0,0,0,0,0,0,0,0,5.02379225883,0
"ADPRM",0,0,0,0,0,0,0,0,0,0,0,4.13348871896,0,0
"AEBP1",0,0,0,0,0,-4.092610788,0,0,0,0,0,0,0,0
"AEN",2.987402897,0,0,3.216118265,0,0,0,0,0,0,0,0,0,0
"AFF3",0,0,0,0,0,0,0,0,0,0,0,2.48009244085,0,0
"AGAP6",0,0,0,0,0,0,0,0,-1.854893017,0,0,0,0,0
"AHRR",0,0,0,0,0,0,0,0,0,18.50422252,0,0,0,0
"AIRE",0,0,0,0,0,0,0,0,0,0,0,0,0,0.756269896603
"AJUBA",-3.193264663,0,0,0,0,0,0,0,0,0,0,0,0,0
"AK1",0,0,0,0,0,0,0,0,0,0,4.352992415,0,0,0
"AK4",0,9.693023501,0,0,0,0,0,0,0,0,0,0,0,0
"AK5",0,0,0,0,0,0,-3.35713244,0,0,0,0,0,0,0
"AKR1B1",0,0,0,0,0,0,0,6.596693036,0,0,0,0,0,0
"AKR1B10",0,0,0,0,0,0,0,0,0,0,10.32207734,0,0,0
"ALDH1A1",0,0,0,0,0,0,0,0,0,-6.402508328,0,0,0,0
"ALDOA",0,7.654678081,0,0,0,0,0,0,0,0,0,0,0,0
"ALDOC",0,13.16152364,0,0,0,0,0,0,0,0,0,0,0,0
"ALOX12",0,0,0,0,0,0,0,0,0,0,0,0,0,-2.38809168835
"AMIGO1",0,0,0,0,0,-6.000321013,0,0,0,0,0,0,0,0
"ANAPC16",-1.821018358,0,0,0,0,0,0,0,0,0,0,0,0,0
"ANGPT1",0,0,0,0,0,0,0,0,0,0,0,0,0,-1.92617170318
"ANGPTL4",0,12.64069065,0,0,0,0,0,0,0,0,0,0,0,0
"ANKLE2",0,0,0,0,2.211976322,0,0,2.36793168,0,0,0,0,0,0
"ANKRA2",0,0,0,0,0,0,0,0,0,0,10.88963097,0,0,0
"ANKRD1",0,0,0,0,0,0,0,0,0,0,0,0,0,5.75344104425
"ANKRD20A12P",0,0,0,0,0,0,0,0,0,0,3.69177441,0,0,0
"ANKRD33B",0,0,0,0,4.494298725,0,0,0,0,0,0,0,0,0
"ANKRD36BP2",0,0,0,0,0,0,0,0,0,-1.545867694,0,0,0,0
"ANKRD37",0,8.484976152,0,0,0,0,0,0,0,0,0,0,0,0
"ANKS1B",0,0,0,0,0,0,0,0,0,-2.577518491,0,0,0,0
"ANKZF1",0,7.358162866,0,0,0,0,0,0,0,0,0,0,0,0
"ANO2",0,0,0,0,0,0,0,0,0,0,0,0,0,1.36220022375
"APBA3",0,0,0,0,0,0,0,2.177085765,0,0,0,0,0,0
"APBB1",0,0,0,0,0,0,0,0,0,0,0,0,0,-1.01528790297
"APOBEC3G",0,0,2.82646311,0,0,0,0,0,0,0,0,0,0,0
"APOC1",0,0,0,0,0,-5.061310147,0,0,0,0,0,0,0,0
"APOL1",0,0,5.347499123,0,0,0,0,0,0,0,0,0,0,0
"APOL2",0,0,3.656057665,0,0,0,0,0,0,0,0,0,0,0
"APOL3",0,0,4.845007402,0,0,0,0,0,0,0,0,0,0,0
"APOL4",0,0,2.514465675,0,0,0,0,0,0,0,0,0,0,0
"APOL6",0,0,6.474920883,0,0,0,0,0,0,0,0,0,0,0
"AREG",0,0,0,4.932286416,0,0,0,0,0,0,0,0,0,0
"ARHGAP11A",0,0,0,0,0,0,0,0,0,0,-7.976226363,0,0,0
"ARHGEF17",0,0,0,-1.396891091,0,0,0,0,0,0,0,0,0,0
"ARHGEF26",0,0,0,0,0,0,0,0,0,0,0,5.31107976025,0,0
"ARL3",0,0,0,0,0,0,0,0,0,0,0,0,3.95094805128,0
"ARL4C",0,0,0,0,0,0,0,0,0,0,0,0,0,3.27342846498
"ARMCX6",0,0,0,0,0,0,0,0,0,0,0,0,3.3639024049,0
"ARSJ",0,0,0,0,0,7.061080782,0,0,0,0,0,0,0,0
"ART4",0,0,0,0,0,0,0,0,0,-2.064522496,0,0,0,0
"ASB13",0,0,0,0,0,0,0,0,0,0,0,0,6.99394259362,0
"ASB4",0,0,0,0,0,0,0,0,0,0,0,0,0,-0.728762798846
"ASB8",0,0,0,-1.693996154,0,0,0,0,0,0,0,0,0,0
"ATG2B",-1.645580447,0,0,0,0,0,0,0,0,0,0,0,0,0
"ATP10A",0,0,0,0,0,0,2.784857147,0,0,0,0,0,0,0
"ATP2A3",0,0,0,0,0,0,0,0,0,0,0,0,-2.88202583781,0
"ATP5E",0,0,0,0,0,0,0,0,1.456390391,0,0,0,0,0
"ATP6V1G2",0,0,0,0,0,-7.237346228,0,0,0,0,0,0,0,0
"ATXN3",-1.274278674,0,0,0,0,0,0,0,0,0,0,0,0,0
"AVPR1A",0,0,0,0,0,0,0,0,0,0,0,0,0,-0.583503378752
"AZGP1",0,0,0,0,0,0,0,0,0,0,0,5.81835009695,0,0
"B3GNT2",0,0,0,0,0,0,0,0,0,0,0,0,0,2.16641085465
"B4GALT1",0,0,0,0,2.536198718,0,0,2.745853261,0,0,0,0,0,0
"BAAT",0,0,0,0,0,-3.557538781,0,0,0,0,0,0,0,0
"BACH2",0,0,0,0,0,0,0,0,1.939233902,0,0,0,0,0
"BATF2",0,0,8.613495106,0,0,0,0,0,0,0,0,0,0,0
"BBIP1",-1.184318958,0,0,0,0,0,0,0,0,0,0,0,0,0
"BCAR3",0,0,0,0,0,0,0,0,0,5.832010393,0,0,0,0
"BCKDK",0,2.645038792,0,0,0,0,0,0,0,0,0,0,0,0
"BCL2A1",0,0,0,0,14.41692457,0,0,17.22500761,0,0,0,0,0,0
"BCOR",0,0,0,0,0,0,2.735746493,0,0,0,0,0,0,0
"BDH2",0,0,0,-2.496590868,0,0,0,0,0,0,0,0,0,0
"BDKRB1",0,0,0,0,0,0,0,4.922306052,0,0,0,0,0,0
"BEGAIN",0,0,0,0,0,-4.196477167,0,0,0,0,0,0,0,0
"BEND4",0,0,0,0,0,0,0,0,0,-2.470928435,0,0,0,0
"BGN",0,0,0,0,0,0,3.23784,0,0,0,0,0,0,0
"BHLHE40",0,15.2423596,0,0,0,0,0,0,0,0,0,0,0,0
"BHMT",0,0,0,0,0,0,0,0,1.276672383,0,0,0,0,0
"BID",0,0,0,0,4.729823539,0,0,5.604131763,0,0,0,0,0,0
"BIRC2",0,0,0,0,4.011379329,0,0,4.671661251,0,0,0,0,0,0
"BIRC3",0,0,0,0,12.45761217,0,0,13.5820455,0,0,0,0,0,0
"BLOC1S2",0,0,0,0,0,0,0,0,0,0,7.412623261,0,0,0
"BMP2",0,0,0,0,0,0,0,8.582446165,0,0,0,0,0,0
"BMP4",0,0,0,0,0,0,0,0,0,0,0,0,0,5.93683107305
"BMP7",0,0,0,0,0,0,0,0,0,0,0,0,0,2.09307161751
"BMPR1B",0,0,0,0,0,0,0,0,0,0,0,4.63408450531,0,0
"BMPR2",0,0,0,0,0,0,4.015505031,0,0,0,0,0,0,0
"BMS1P5",0,0,0,0,0,0,0,0,-2.104570971,0,0,0,0,0
"BNC1",0,0,0,0,0,0,0,0,0,0,0,0,0,1.58225139336
"BNIP3",0,19.41797404,0,0,0,0,0,0,0,0,0,0,0,0
"BNIP3L",0,14.12030237,0,0,0,0,0,0,0,0,0,0,0,0
"BRIX1",0,0,0,2.86674906,0,0,0,0,0,0,0,0,0,0
"BRS3",0,0,0,0,0,0,0,0,0.857473561,0,0,0,0,0
"BSDC1",-1.269368968,0,0,0,0,0,0,0,0,0,0,0,0,0
"BST2",0,0,8.104993585,0,0,0,0,0,0,0,0,0,0,0
"BZW1",2.746151949,0,0,2.781085431,0,0,0,0,0,0,0,0,0,0
"C10orf128",0,0,0,0,0,0,0,0,2.038952181,0,0,0,0,0
"C11orf1",0,0,0,0,0,-3.334272747,0,0,0,0,0,0,0,0
"C11orf71",0,0,0,-2.366757613,0,0,0,0,0,0,0,0,0,0
"C11orf96",0,0,0,0,4.566226065,0,0,4.766669051,0,0,0,0,0,0
"C12orf77",0,0,0,0,0,0,0,0,0,-4.837968096,0,0,0,0
"C15orf54",0,0,0,0,0,5.811047985,0,0,0,0,0,0,0,0
"C17orf82",0,0,0,0,0,0,0,0,0,0,3.278283058,0,0,0
"C17orf99",0,0,0,0,0,0,0,0,2.213003215,0,0,0,0,0
"C19orf66",0,0,5.47812605,0,0,0,0,0,0,0,0,0,0,0
"C1orf116",0,0,0,0,0,0,0,0,0,0,0,11.3868523945,0,0
"C1QTNF1",0,0,0,0,0,0,0,5.762291356,0,0,0,0,0,0
"C1QTNF4",0,0,0,0,0,0,0,0,0,-1.859168026,0,0,0,0
"C2CD3",0,0,0,0,0,0,0,0,0,0,0,0,0,1.45436019911
"C2CD5",-1.93904307,0,0,0,0,0,0,0,0,0,0,0,0,0
"C2orf54",0,0,0,0,0,0,0,0,0,0,0,0,0,2.50620955677
"C2orf66",0,0,0,0,0,0,0,0,0,0,11.50317433,0,0,0
"C3",0,0,0,0,0,0,0,9.898437891,0,0,0,0,0,0
"C3orf80",0,0,0,0,0,0,4.809037463,0,0,0,0,0,0,0
"C4BPB",0,0,0,0,0,0,0,0,0,0,0,0,0,1.60281111775
"C4orf3",0,7.437918888,0,0,0,0,0,0,0,0,0,0,0,0
"C4orf47",0,6.053300922,0,0,0,0,0,0,0,0,0,0,0,0
"C5AR2",0,0,0,0,0,0,0,0,0,0,0,0,4.7330543263,0
"C5orf52",0,0,0,0,0,12.23980896,0,0,0,0,0,0,0,0
"C7orf77",0,0,0,0,0,0,0,0,-1.430619426,0,0,0,0,0
"C8orf4",0,0,0,0,0,0,0,8.472723921,0,0,0,0,0,0
"C8orf58",0,3.107871435,0,0,0,0,0,0,0,0,0,0,0,0
"CA12",0,0,0,0,0,0,0,0,0,0,0,0,8.41357762757,0
"CA14",0,0,0,0,0,-4.838040222,0,0,0,0,0,0,0,0
"CA9",0,13.96106784,0,0,0,0,0,0,0,0,0,0,0,0
"CAB39L",0,0,0,0,0,0,0,0,0,0,0,0,-4.12631179667,0
"CABYR",0,0,0,0,0,0,0,0,0,0,6.125471912,0,0,0
"CACNA1E",0,0,0,0,0,0,0,0,0,0,0,0,0,1.07499664802
"CALCR",0,0,0,0,0,0,0,0,0,0,0,0,5.39627356601,0
"CALD1",0,0,0,0,0,0,3.051635589,0,0,0,0,0,0,0
"CALML6",0,0,0,0,0,0,0,0,1.677588106,0,0,0,0,0
"CAMK1D",0,0,0,0,0,0,0,0,0,0,0,0,0,1.84366782207
"CAMK4",0,0,0,0,0,0,0,0,0,-2.547057637,0,0,0,0
"CAMKK2",0,0,0,0,0,0,0,0,0,0,0,3.73954403123,0,0
"CAMLG",0,0,0,0,0,-5.795703745,0,0,0,0,0,0,0,0
"CAP2",0,0,0,0,0,0,0,0,0,0,0,0,5.01154709433,0
"CARF",-1.601284081,0,0,0,0,0,0,0,0,0,0,0,0,0
"CARMN",0,0,0,0,0,0,3.046263535,0,0,0,0,0,0,0
"CARNS1",0,0,0,0,0,0,0,0,0,0,4.538733845,0,0,0
"CASC10",0,0,0,0,0,4.952741485,0,0,0,0,0,0,0,0
"CASP4",0,0,2.42657748,0,0,0,0,0,0,0,0,0,0,0
"CASP9",0,0,0,0,0,0,0,0,0,0,0,0,-2.43538830188,0
"CBARP",0.979442479,0,0,0,0,0,0,0,0,0,0,0,0,0
"CBFA2T3",0,0,0,0,0,0,0,0,2.084750371,0,0,0,0,0
"CBFB",0,0,0,2.339998205,0,0,0,0,0,0,0,0,0,0
"CBLL1",0,0,0,0,0,0,0,0,0,0,0,5.32543758834,0,0
"CBX7",0,0,0,0,0,-6.437220253,0,0,0,0,0,0,0,0
"CCDC155",0,0,0,0,0,0,0,0,1.699459081,0,0,0,0,0
"CCDC25",0,0,0,0,0,-4.339271307,0,0,0,0,0,0,0,0
"CCDC28A",-3.101814771,0,0,0,0,-8.060678441,0,0,0,0,0,0,0,0
"CCDC53",0,0,0,-2.26054734,0,0,0,0,0,0,0,0,0,0
"CCDC81",0,0,0,0,0,0,0,0,0,-2.301363665,0,0,0,0
"CCDC90B",0,0,0,0,0,0,0,0,0,0,3.388109463,0,0,0
"CCL2",0,0,0,0,17.56599183,0,0,19.84618276,0,0,0,0,0,0
"CCL20",0,0,0,0,36.69730787,0,0,38.38796712,0,0,0,0,0,0
"CCM2",0,0,0,0,0,0,0,0,0,4.274565169,0,0,0,0
"CCND1",0,0,0,6.263011605,0,0,0,0,0,0,0,0,0,0
"CCNG2",0,7.325840669,0,0,0,0,0,0,0,0,0,0,0,0
"CD1A",0,0,0,0,0,0,0,0,1.691609483,0,0,0,0,0
"CD244",0,0,0,0,0,0,0,0,0,0,0,0,0,0.75606236887
"CD40",0,0,0,0,3.520213591,0,0,0,0,0,0,0,0,0
"CD48",0,0,0,0,0,0,0,0,0,0,0,0,0,1.57824848108
"CD72",0,0,0,0,0,0,0,0,0,-2.717726389,0,0,0,0
"CD80",0,0,0,0,3.795615076,0,0,0,0,0,0,0,0,0
"CD83",0,0,0,0,10.45137087,0,0,11.00266486,0,0,0,0,0,0
"CD93",0,0,0,0,0,0,0,0,0,3.080460251,0,0,0,0
"CDC37L1",0,0,0,0,0,0,0,0,0,3.302919487,0,0,0,0
"CDCA4",0,0,0,3.010281262,0,0,0,0,0,0,0,0,0,0
"CDH2",0,0,0,0,0,0,3.288310238,0,0,0,0,0,0,0
"CDIP1",0,0,0,0,0,0,0,0,0,0,5.049443582,0,0,0
"CDK5RAP3",0,0,0,0,0,-5.254766588,0,0,0,0,0,0,0,0
"CDK8",0,0,0,0,0,0,0,0,0,0,0,-4.29086828336,0,0
"CDKN1A",0,0,0,0,0,0,0,0,0,0,15.95697031,0,0,0
"CDKN2B",0,0,0,0,0,0,3.373728103,0,0,0,0,0,0,0
"CEL",0,0,0,0,0,0,0,0,0,0,4.049534672,0,0,0
"CELSR2",0,0,0,0,0,0,0,0,0,0,0,0,8.66914415272,0
"CENPN",0,0,0,0,0,0,0,0,0,0,0,8.49101673326,0,0
"CEPT1",-0.994593734,0,0,0,0,0,0,0,0,0,0,0,0,0
"CES2",0,0,0,0,0,0,0,0,0,0,7.280384842,0,0,0
"CFB",0,0,0,0,6.31351994,0,0,7.426735426,0,0,0,0,0,0
"CFL1",1.329245479,0,0,0,0,0,0,0,0,0,0,0,0,0
"CFLAR",0,0,0,0,4.016711588,0,0,3.726544235,0,0,0,0,0,0
"CHRNA10",0.6899809,0,0,0,0,0,0,0,0,0,0,0,0,0
"CHRNA2",0,0,0,0,0,0,0,0,0,0,0,3.3317016194,0,0
"CHST3",0,0,0,0,0,0,2.221800857,0,0,0,0,0,0,0
"CILP",0,0,0,0,0,0,4.651003964,0,0,0,0,0,0,0
"CIR1",0,0,0,0,0,-5.023161183,0,0,0,0,0,0,0,0
"CLCA2",0,0,0,0,0,0,0,0,0,0,10.51925594,0,0,0
"CLDN1",0,0,0,0,0,0,0,9.089955595,0,0,0,0,0,0
"CLDN11",0,0,0,0,0,0,-3.690283396,0,0,0,0,0,0,0
"CLDN4",0,0,0,0,0,0,0,0,0,0,0,0,-3.82821711919,-1.89939345585
"CLDN8",-2.018707848,0,0,0,0,0,0,0,0,0,0,7.82616312833,0,0
"CLDN9",0,0,0,0,0,0,0,0,0,0,0,0,-2.08481449153,0
"CLK3",0,3.564013767,0,0,0,0,0,0,0,0,0,0,0,0
"CLUHP3",0,0,0,0,0,0,0,1.947288216,0,0,0,0,0,0
"CMBL",0,0,0,0,0,0,0,0,0,0,5.050855729,0,0,0
"CMPK2",0,0,15.92877144,0,0,0,0,0,0,0,0,0,0,0
"CMTR1",0,0,2.7808605,0,0,0,0,0,0,0,0,0,0,0
"CNN1",0,0,0,0,0,0,4.953471249,0,0,0,0,0,0,0
"CNP",0,0,2.960656758,0,0,0,0,0,0,0,0,0,0,0
"CNR1",0,0,0,0,0,0,0,0,0,-1.45613759,0,0,0,0
"COL1A1",0,0,0,0,0,0,3.566081042,0,0,0,0,0,0,0
"COL4A1",0,0,0,0,0,0,6.337489575,0,0,0,0,0,0,0
"COL4A2",0,0,0,0,0,0,4.221263678,0,0,0,0,0,0,0
"COL5A1",0,0,0,0,0,0,5.221051246,0,0,0,0,0,0,0
"COMMD6",0,0,0,0,0,-3.462439113,0,0,0,0,0,0,0,0
"COMP",0,0,0,0,0,0,9.89924996,0,0,0,0,0,0,0
"COMT",0,0,0,0,0,0,0,0,0,0,0,0,-3.05468575187,0
"COQ8A",0,0,0,0,0,-6.388212375,0,0,0,0,0,0,0,0
"CPA6",0,0,0,0,0,0,0,0,0,-2.563768255,0,0,0,0
"CPLX2",0,0,0,0,0,0,0,0,0,0,0,0,0,-1.04050048512
"CREB3L4",0,0,0,0,0,-9.102651653,0,0,0,0,0,0,0,0
"CREBRF",0,0,0,0,0,-10.44607527,0,0,0,0,0,0,0,0
"CRIPT",-2.04493787,0,0,0,0,0,0,0,0,0,0,0,0,0
"CRKL",0,2.554734213,0,0,0,0,0,0,0,0,0,0,0,0
"CRLF1",0,0,0,0,0,0,4.825293112,0,0,0,0,0,0,0
"CROT",0,0,0,0,0,0,0,0,0,0,0,4.35830672292,0,0
"CRYL1",0,0,0,0,0,-7.333026179,0,0,0,0,0,0,0,0
"CRYM",0,0,0,0,0,0,0,0,0,3.461033261,0,0,0,0
"CSF2",0,0,0,0,5.903526278,0,0,8.355480637,0,0,0,0,0,0
"CSF3",0,0,0,0,4.903184341,0,0,6.343140375,0,0,0,0,0,0
"CSF3R",0,0,0,0,0,0,0,0,0,0,0,0,0,1.93231537539
"CSGALNACT1",0,0,0,0,0,0,0,0,0,0,0,6.84603443294,0,0
"CSMD3",0,0,0,0,0,0,0,0,0,0,4.812601463,0,0,0
"CST7",0,0,0,0,0,0,0,0,2.084534801,0,0,0,0,0
"CSTA",0,0,0,0,0,0,0,0,0,0,9.006077704,0,0,0
"CTBP1",0,0,0,0,0,0,0,0,0,0,0,-2.89217188229,0,0
"CTD-2297D10.2",0,0,0,0,0,0,0,0,-1.268872015,0,0,0,0,0
"CTDSP1",0,0,0,0,0,-5.567569318,0,0,0,0,0,0,0,0
"CTHRC1",0,0,0,0,0,0,0,9.459560282,0,0,0,0,0,0
"CTNNA2",0,0,0,0,0,0,0,0,0,0,0,3.86912654352,0,0
"CTNND2",0,0,0,0,0,0,0,0,0,0,0,0,-3.55466409986,0
"CTR9",0,0,0,0,0,0,0,0,0,0,0,0,4.82318209378,0
"CTSF",0,0,0,0,0,-9.172142735,0,0,0,0,0,0,0,0
"CTSS",0,0,0,0,0,0,0,6.397538834,0,0,0,0,0,0
"CXCL1",0,0,0,0,23.42185878,0,0,20.42654598,0,0,0,0,0,0
"CXCL11",0,0,15.00766272,0,15.8343668,0,0,0,0,0,0,0,0,0
"CXCL12",0,0,0,0,0,0,0,0,0,0,0,0,12.4776735289,0
"CXCL2",0,0,0,0,9.403459958,0,0,8.954759575,0,0,0,0,0,0
"CXCL3",0,0,0,0,22.94611422,0,0,23.75810567,0,0,0,0,0,0
"CXCL5",0,0,0,0,7.179647917,0,0,10.08136793,0,0,0,0,0,0
"CXCL6",0,0,0,0,8.725401427,0,0,10.51761406,0,0,0,0,0,0
"CXCL8",0,0,0,0,38.51792869,0,0,45.44182722,0,0,0,0,0,0
"CXorf56",0,0,0,0,0,0,0,0,-1.379393898,0,0,0,0,0
"CYFIP2",0,0,0,0,0,0,0,0,0,0,7.06090456,0,0,0
"CYLD",0,0,0,0,2.773314234,0,0,2.875463654,0,0,0,0,0,0
"CYP24A1",0,0,0,0,0,0,0,0,0,0,0,0,0,4.69230392105
"CYP2J2",0,0,2.0935776,0,0,0,0,0,0,0,0,0,0,0
"CYP4F2",0,0,0,0,0,0,0,0,0,0,4.139434854,0,0,0
"CYSRT1",0,0,0,0,0,0,0,0,0,0,5.076430759,0,0,0
"CYTL1",0,0,0,0,0,-4.865441636,0,0,0,3.478327901,0,0,0,0
"DACT1",0,0,0,0,0,0,6.220879686,0,0,0,0,0,0,0
"DARS",0,3.670815844,0,0,0,0,0,0,0,0,0,0,0,0
"DAZAP2",0,0,0,-1.407794983,0,0,0,0,0,0,0,0,0,0
"DCAF13",1.434232957,0,0,0,0,0,0,0,0,0,0,0,0,0
"DCBLD2",0,0,0,3.371515685,0,0,0,0,0,0,0,0,0,0
"DCHS2",0,0,0,0,0,0,0,0,0,-1.731745432,0,0,0,0
"DDB2",0,0,0,0,0,0,0,0,0,0,8.18558326,0,0,0
"DDX10",0,0,0,0,0,0,0,0,0,0,0,0,4.62695785919,0
"DDX19A",0,0,0,0,0,0,0,0,-1.456258613,0,0,0,0,0
"DDX58",0,0,12.96537825,0,0,0,0,0,0,0,0,0,0,0
"DDX60",0,0,12.19823321,0,0,0,0,0,0,0,0,0,0,0
"DDX60L",0,0,7.202283033,0,0,0,0,0,0,0,0,0,0,0
"DEPTOR",0,0,0,0,0,0,0,0,0,0,0,0,7.46377846634,0
"DERL3",0,0,0,0,0,-4.033679425,0,0,0,0,0,0,0,0
"DESI2",0,0,0,0,0,0,0,0,0,0,0,0,0,1.10426832494
"DGKA",0,0,0,0,0,0,0,0,0,0,5.381505634,0,0,0
"DGKI",0,0,0,0,0,0,2.241143613,0,0,0,0,0,0,0
"DHCR24",0,0,0,0,0,0,0,0,0,0,0,6.84300840294,0,0
"DHRS12",0,0,0,0,0,-3.407349819,0,0,0,0,0,0,0,0
"DHX58",0,0,4.909942135,0,0,0,0,0,0,0,0,0,0,0
"DLEU7-AS1",0,0,0,0,0,0,0,0,0,-4.021084329,0,0,0,0
"DLX5",0,0,0,0,0,0,0,0,0,0,0,0,0,1.64452023135
"DMRTC2",0,0,0,0,0,0,0,0,-1.487464993,0,0,0,0,0
"DNAJB8",0,0,0,0,0,0,0,0,-1.366396665,0,0,0,0,0
"DNAL4",0,0,0,0,0,-4.445867275,0,0,0,0,0,0,0,0
"DNASE2",0,0,0,-1.821820416,0,0,0,0,0,0,0,0,0,0
"DNASE2B",0,0,0,0,0,0,0,0,0,0,0,3.01132858824,0,0
"DNM1L",0,0,0,0,0,0,0,0,0,0,0,4.18867959332,0,0
"DOLK",0,-3.464171672,0,0,0,0,0,0,0,0,0,0,0,0
"DPY19L1P1",-1.347311326,0,0,0,0,0,0,0,0,0,0,0,0,0
"DQX1",0,0,0,0,0,0,0,0,0,0,4.387116106,0,0,0
"DRAM1",0,0,0,0,9.547700357,0,0,10.75825237,0,0,0,0,0,0
"DRAXIN",0,0,0,0,0,0,0,0,0,0,6.014405245,0,0,0
"DSCAM",0,0,0,0,0,0,0,0,0,0,0,0,4.14288012519,0
"DSPP",2.350387113,0,0,0,0,0,0,0,0,0,0,0,0,0
"DTX2",0,0,0,0,0,0,0,2.931319728,0,0,0,0,0,0
"DTX3L",0,0,8.358418698,0,0,0,0,0,0,0,0,0,0,0
"DUSP4",6.967179671,0,0,7.80481596,0,0,0,0,0,0,0,0,0,0
"DUSP5",7.943039507,0,0,7.920030143,0,0,0,0,0,0,0,0,0,0
"DUSP6",12.62931259,0,0,16.85901583,0,0,0,0,0,0,0,0,0,0
"DUSP7",0,0,0,2.452508263,0,0,0,0,0,0,0,0,0,0
"DYNC2LI1",-1.430238602,0,0,0,0,0,0,0,0,0,0,0,0,0
"E2F3",0,0,0,2.034348475,0,0,0,0,0,0,0,0,0,0
"EAF2",0,0,0,0,0,0,0,0,0,0,0,6.94490738852,0,0
"EAPP",-2.23989973,0,0,0,0,0,0,0,0,0,0,0,0,0
"EBI3",0,0,0,0,7.54618521,0,0,0,0,0,0,0,0,0
"ECH1",0,0,0,-2.289742084,0,0,0,0,0,0,0,0,0,0
"ECI2",0,0,0,0,0,0,0,0,0,0,0,4.26810222296,0,0
"EDA2R",0,0,0,0,0,0,0,0,0,0,3.179132303,0,0,0
"EDN1",0,0,0,0,0,0,0,7.585623803,0,0,0,0,0,0
"EFHC1",-2.03460366,0,0,0,0,0,0,0,0,0,0,0,0,0
"EFNA1",0,0,0,0,11.43329539,0,0,18.63110938,0,0,0,0,0,0
"EFNA3",0,4.211740089,0,0,0,0,0,0,0,0,0,0,0,0
"EFNB1",0,0,0,0,0,0,0,0,0,0,2.865678991,0,0,0
"EFR3B",0,0,0,0,0,0,1.334349902,0,0,0,0,0,0,0
"EGLN1",0,9.594450022,0,0,0,0,0,0,0,0,0,0,0,0
"EGLN3",0,11.65572792,0,0,0,0,0,0,0,0,0,0,0,0
"EGR3",6.271415501,0,0,0,0,0,0,0,0,0,0,0,16.0776973153,0
"EGR4",2.953076385,0,0,0,0,0,0,0,0,0,0,0,0,0
"EHD1",0,0,0,0,5.871607384,0,0,0,0,0,0,0,0,0
"EI24",0,0,0,0,0,0,0,0,0,0,4.092030424,0,0,0
"EIF2AK2",0,0,5.723016325,0,0,0,0,0,0,0,0,0,0,0
"ELF2",-1.3429287,0,0,0,0,0,0,0,0,0,0,0,0,0
"ELF5",0,0,0,0,0,0,0,0,0,0,0,0,-3.21644433313,0
"ELK3",0,0,0,2.996140393,0,0,0,0,0,0,0,0,0,0
"ELK4",0,0,0,0,0,0,0,0,0,0,0,2.73317183336,0,0
"ELL2",0,0,0,0,0,0,0,0,0,0,0,6.5675774538,0,0
"ELOVL2",0,0,0,0,0,0,0,0,0,0,0,0,8.69057624608,0
"ELOVL7",0,0,0,0,8.792115753,0,0,0,0,0,0,0,0,0
"ENDOD1",0,0,0,0,0,0,0,0,0,0,0,6.51615227021,0,0
"ENO1",0,6.103862987,0,0,0,0,0,0,0,0,0,0,0,0
"ENO2",0,14.32693982,0,0,0,0,0,0,0,0,0,0,0,0
"EPB41L4A-AS1",0,0,0,0,0,-12.27486132,0,0,0,0,0,0,0,0
"EPB41L5",0,0,0,0,0,0,0,0,0,0,0,0,-3.43451140317,0
"EPHA2",5.411184102,0,0,6.314012447,0,0,0,0,0,0,0,0,0,0
"EPHA3",0,0,0,0,0,0,0,0,0,-4.434085609,0,0,0,0
"EPN2",0,0,0,0,0,0,0,0,0,10.76619022,0,0,0,0
"EPS15L1",0,0,0,0,0,0,0,0,0,0,0,0,3.14164436919,0
"EPSTI1",0,0,12.08161764,0,0,0,0,0,0,0,0,0,0,0
"ERBB3",0,0,0,0,0,0,0,0,0,0,0,0,-4.88074044723,0
"ERICH3-AS1",0,0,0,0,0,0,0,0,1.244175966,0,0,0,0,0
"ERO1A",0,9.698198188,0,0,0,0,0,0,0,0,0,0,0,0
"ESR1",0,0,0,0,0,0,0,0,0,0,0,0,-1.30445244618,0
"ETFDH",-1.668458755,0,0,0,0,0,0,0,0,0,0,0,0,0
"ETS1",0,0,0,0,0,0,0,4.591170934,0,0,0,0,0,0
"ETV1",0,0,0,3.563464789,0,0,0,0,0,0,0,0,0,0
"ETV4",0,0,0,5.293783979,0,0,0,0,0,0,0,0,0,0
"ETV5",0,0,0,5.988709606,0,0,0,0,0,0,0,0,0,0
"ETV7",0,0,4.779528162,0,0,0,0,0,0,0,0,0,0,0
"EXD3",0.779924513,0,0,0,0,0,0,0,0,0,0,0,0,0
"EYA4",0,0,0,0,0,0,0,0,0,0,0,0,0,1.39326162198
"F5",0,0,0,0,0,0,0,0,0,0,0,6.087825897,0,0
"FAM102A",0,0,0,0,0,0,0,0,0,0,0,0,5.76083870514,0
"FAM105A",0,0,0,0,0,0,0,0,0,0,0,7.7082177175,0,0
"FAM134C",-2.122317784,0,0,0,0,0,0,0,0,0,0,0,0,0
"FAM13A",0,5.09417982,0,0,0,0,0,0,0,0,0,0,0,0
"FAM13C",0,0,0,0,0,0,0,0,0,0,4.314974534,0,0,0
"FAM149B1",0,0,0,-1.342342323,0,0,0,0,0,0,0,0,0,0
"FAM162A",0,8.335551552,0,0,0,0,0,0,0,0,0,0,0,0
"FAM208B",0,0,0,0,0,0,0,0,0,0,0,0,4.93576703606,0
"FAS",0,0,0,0,0,0,0,0,0,0,12.03060138,0,0,0
"FASLG",0,0,0,0,0,0,0,0,0,0,0,0,0,-1.44349654904
"FAXDC2",0,0,0,0,0,-12.42127383,0,0,0,0,0,0,0,0
"FBLN5",0,0,0,0,0,0,4.922485256,0,0,0,0,0,0,0
"FBXO22",0,0,0,0,0,0,0,0,0,0,3.692526002,0,0,0
"FBXO25",0,0,0,0,0,-7.033029734,0,0,0,0,0,0,0,0
"FBXO42",0,2.257228733,0,0,0,0,0,0,0,0,0,0,0,0
"FBXW7",0,0,0,0,0,0,0,0,0,0,4.283285582,0,0,0
"FCGRT",0,0,0,0,0,-6.170243406,0,0,0,0,0,0,0,0
"FCMR",0,0,0,0,0,-4.926880114,0,0,0,0,0,0,0,0
"FDXR",0,0,0,0,0,0,0,0,0,0,11.99449592,0,0,0
"FERMT1",0,0,0,2.333704655,0,0,0,0,0,0,0,0,0,0
"FGD2",0,0,0,0,0,0,0,0,0,0,0,0,0,1.63117929701
"FGF20",0,0,0,0,0,0,0,0,0,0,0,0,0,-2.0880306196
"FGF3",0,0,0,0,0,0,0,0,0,0,0,0,0,-1.75149878034
"FGFR1OP",0,0,0,0,0,0,0,0,0,0,0,0,2.46840962977,0
"FHIT",0,0,0,0,0,-4.615166947,0,0,0,0,0,0,0,0
"FKBP4",0,0,0,0,0,0,0,0,0,0,0,0,8.25832988113,0
"FLAD1",0,-3.294216622,0,0,0,0,0,0,0,0,0,0,0,0
"FLCN",0,0,0,0,0,0,0,0,1.593439448,0,0,0,0,0
"FMO5",0,0,0,-1.497241657,0,0,0,0,0,0,0,0,0,0
"FOSL1",7.647829795,0,0,9.000522309,0,0,0,0,0,0,0,0,0,0
"FOXF1",0,0,0,0,0,0,0,0,0,0,0,0,0,-1.92842044692
"FOXJ2",0,0,0,0,0,0,0,0,0,0,0,0,0,1.31222701553
"FOXN3",-1.679543013,0,0,0,0,0,0,0,0,0,0,0,0,0
"FRK",0,0,0,0,0,0,0,0,0,0,0,4.70024893522,4.90037712333,0
"FRMPD1",0,0,0,0,0,0,0,0,-2.234614243,0,0,0,0,0
"FSTL3",0,0,0,0,0,0,6.807359103,0,0,0,0,0,0,0
"FUT11",0,11.17058216,0,0,0,0,0,0,0,0,0,0,0,0
"FUT8",0,0,0,0,0,0,0,0,0,0,0,-4.40595359044,0,0
"FZD5",0,0,0,0,0,0,0,0,0,0,0,4.68661955181,0,0
"GAA",0,0,0,0,0,-5.367784104,0,0,0,0,0,0,0,0
"GABARAP",0,0,0,-2.961663786,0,0,0,0,0,0,0,0,0,0
"GALNT10",0,0,0,0,0,0,3.047077073,0,0,0,0,0,0,0
"GAPDH",0,5.046552544,0,0,0,0,0,0,0,0,0,0,0,0
"GATA3",0,0,0,0,0,0,0,0,0,0,0,0,-6.00468746718,0
"GATAD2A",0,0,0,1.359238188,0,0,0,0,0,0,0,0,0,0
"GBE1",0,9.711499344,0,0,0,0,0,0,0,0,0,0,0,0
"GBP1",0,0,10.39868608,0,0,0,0,0,0,0,0,0,0,0
"GBP4",0,0,8.08465767,0,0,0,0,0,0,0,0,0,0,0
"GCG",0,0,0,0,0,0,0,0,0,0,0,-2.17133592689,0,0
"GCH1",0,0,0,0,14.02604366,0,0,0,0,0,0,0,0,0
"GDF15",0,0,0,0,0,0,0,0,0,0,9.773981684,0,0,0
"GDF5",0,0,0,0,0,0,-1.939559486,0,0,0,0,0,0,0
"GEMIN8",0,0,0,0,0,-4.13317736,0,0,0,0,0,0,0,0
"GFRA2",0,0,0,0,0,0,0,0,0,0,0,0,0,1.36711872351
"GLA",0,0,0,0,0,0,0,0,0,0,0,0,8.44185876447,0
"GLI4",0,0,0,0,0,-3.09807049,0,0,0,0,0,0,0,0
"GLIPR1L1",0,0,0,0,0,0,0,0,1.162224173,0,0,0,0,0
"GLS2",0,0,0,0,0,0,0,0,0,0,6.452464885,0,0,0
"GNAO1",0,0,0,0,0,0,0,0,0,0,0,0,0,-0.915037841756
"GNG11",0,0,0,0,0,0,0,0,0,0,0,0,0,2.09852650379
"GNL3L",0,0,0,0,0,0,0,0,-2.059139734,0,0,0,0,0
"GNMT",0,0,0,0,0,0,0,0,0,0,0,5.67263863695,0,0
"GNPTG",0,0,0,0,0,-6.966609574,0,0,0,0,0,0,0,0
"GOLPH3L",-2.741524871,0,0,0,0,0,0,0,0,0,0,0,0,0
"GOPC",0,0,0,0,0,0,2.854517608,0,0,0,0,0,0,0
"GP5",0,0,0,0,0,0,0,0,0,-1.591926434,0,0,0,0
"GPI",0,8.54958022,0,0,0,0,0,0,0,0,0,0,0,0
"GPR176",0,0,0,0,0,0,0,3.012186273,0,0,0,0,0,0
"GPR18",0,0,0,0,0,0,0,0,3.240804826,0,0,0,0,0
"GPR22",0,0,0,0,0,0,0,0,0,0,0,0,0,-1.02298721746
"GPR3",0,0,0,1.63082926,0,0,0,0,0,0,0,0,0,0
"GPR63",0,0,0,0,0,0,0,0,0,0,0,-3.22759309882,0,0
"GPR75",1.037039515,0,0,0,0,0,0,0,0,0,0,0,0,0
"GPR87",0,0,0,0,0,0,0,0,0,0,10.83612176,0,0,0
"GRAMD1C",-2.797091993,0,0,0,0,0,0,0,0,0,0,0,0,0
"GREB1",0,0,0,0,0,0,0,0,0,0,0,0,17.2401728397,0
"GRHL2",0,0,0,0,0,0,0,0,0,0,0,4.29572486397,0,0
"GRHL3",0,0,0,0,0,0,0,0,0,0,8.212310174,0,0,0
"GRIA3",0,0,0,0,0,0,1.086812632,0,0,0,0,0,0,0
"GRID1-AS1",0,0,0,0,0,0,0,0,1.63017625,0,0,0,0,0
"GRIK1",0,0,0,0,0,0,0,0,0,0,0,-1.64651345517,0,0
"GRIN2C",0,0,0,0,0,0,0,0,0,0,1.839359806,0,0,0
"GRIP2",0,0,0,0,0,0,0,0,0,0,2.527611465,0,0,0
"GRPEL1",0,0,0,2.669468753,0,0,0,0,0,0,0,0,0,0
"GSAP",0,0,0,0,0,0,0,4.868162414,0,0,0,0,0,0
"GVQW2",0,0,0,0,0,0,0,0,-1.632533041,0,0,0,0,0
"GYS1",0,4.922863344,0,0,0,0,0,0,0,0,0,0,0,0
"HACD4",0,0,0,0,0,0,0,0,0,-3.76231392,0,0,0,0
"HAR1A",0,0,0,0,0,0,0,0,1.563347171,0,0,0,0,0
"HAS3",2.923737765,0,0,0,0,0,0,0,0,0,0,0,0,0
"HDAC7",0,0,0,0,0,0,0,0,0,0,0,0,-2.03748800346,0
"HELZ2",0,0,4.762151884,0,0,0,0,0,0,0,0,0,0,0
"HERC5",0,0,9.119642407,0,0,0,0,0,0,0,0,0,0,0
"HERC6",0,0,8.769675879,0,0,0,0,0,0,0,0,0,0,0
"HEY2",0,0,0,0,0,0,0,0,0,0,0,0,11.4823694969,0
"HILPDA",0,16.70712355,0,0,0,0,0,0,0,0,0,0,0,0
"HIRA",0,0,0,0,0,0,0,0,0,0,0,0,0,1.72585140096
"HIVEP1",0,0,0,0,3.99971488,0,0,0,0,0,0,0,0,0
"HIVEP2",0,0,0,0,3.951426644,0,0,0,0,0,0,0,0,0
"HMGA1",0,0,0,2.868705682,0,0,0,0,0,0,0,0,0,0
"HMGA2",0,0,0,3.727971073,0,0,0,0,0,0,0,0,0,0
"HMHB1",0,0,0,0,0,0,0,0,0,-1.709453284,0,0,0,0
"HMOX2",1.719637973,0,0,0,0,0,0,0,0,0,0,0,0,0
"HOXB3",0,0,0,0,0,0,0,0,0,0,0,0,0,1.15163784334
"HOXB5",0,0,0,0,0,0,0,0,0,0,0,0,0,1.13995823557
"HOXC13",0,0,0,0,0,0,0,0,0,0,0,-3.63425580489,0,0
"HSBP1L1",0,0,0,0,0,-6.893156914,0,0,0,0,0,0,0,0
"HSD17B6",0,0,0,0,0,0,4.782527287,0,0,0,0,0,0,0
"HSD17B8",0,0,0,0,0,-8.601570676,0,0,0,0,0,0,0,0
"HSD3BP4",0,0,0,0,0,0,0,0,0,0,6.318719214,0,0,0
"HTR1F",0,0,0,0,0,0,0,0,-1.436708264,-2.236459793,0,0,0,0
"HVCN1",0,0,0,0,0,0,0,0,2.182253262,0,0,0,0,0
"ICAM1",0,0,0,0,18.36938526,0,0,22.03934072,0,0,0,0,0,0
"ID1",0,0,0,0,0,0,12.35428766,0,0,0,0,0,0,0
"ID3",0,0,0,0,0,0,10.4811132,0,0,0,0,0,0,0
"ID4",0,0,0,0,0,0,4.16990135,0,0,0,0,0,0,0
"IFI16",0,0,7.284513463,0,0,0,0,0,0,0,0,0,0,0
"IFI27",0,0,11.20265458,0,0,0,0,0,0,0,0,0,0,0
"IFI35",0,0,10.59853568,0,0,0,0,0,0,0,0,0,0,0
"IFI44",0,0,12.45086253,0,0,0,0,0,0,0,0,0,0,0
"IFI44L",0,0,18.86715589,0,0,0,0,0,0,0,0,0,0,0
"IFI6",0,0,12.5796945,0,0,0,0,0,0,0,0,0,0,0
"IFIH1",0,0,8.347692652,0,6.042036444,0,0,0,0,0,0,0,0,0
"IFIT1",0,0,27.85136309,0,0,0,0,0,0,0,0,0,0,0
"IFIT2",0,0,16.18714604,0,0,0,0,0,0,0,0,0,0,0
"IFIT3",0,0,20.59230656,0,0,0,0,0,0,0,0,0,0,0
"IFIT5",0,0,7.948068935,0,0,0,0,0,0,0,0,0,0,0
"IFITM1",0,0,13.94309421,0,0,0,0,0,0,0,0,0,0,0
"IFNAR2",0,0,0,0,4.683318983,0,0,7.580700686,0,0,0,0,0,0
"IFNGR2",0,0,0,0,6.022009725,0,0,7.377788871,0,0,0,0,0,0
"IFNLR1",0,0,0,0,0,0,0,0,1.714247303,0,0,0,0,0
"IGF1",0,0,0,0,0,0,0,0,0,0,0,2.68011765402,0,1.35948123623
"IGF1R",0,0,0,0,0,0,0,0,0,0,0,5.01152202997,0,0
"IGFBP4",0,0,0,0,0,0,0,0,0,0,0,0,11.6514913965,0
"IGFL1",0,0,0,0,0,0,0,8.95156998,0,0,0,0,0,0
"IGLL1",0,0,0,0,0,0,0,0,0,-3.384890551,0,0,0,0
"IGLL3P",0,0,0,0,0,0,0,0,1.206779713,0,0,0,0,0
"IKBKE",0,0,0,0,3.341126888,0,0,3.773163181,0,0,0,0,0,0
"IKZF3",0,0,0,0,0,0,0,0,0,-1.606947876,0,0,0,0
"IL11",0,0,0,0,0,0,6.330896156,0,0,0,0,0,0,0
"IL12RB1",0,0,0,0,0,0,0,0,0,0,0,0,0,0.839411846655
"IL15",0,0,0,0,5.146568092,0,0,5.507100222,0,0,0,0,0,0
"IL17RB",0,0,0,0,0,0,0,0,0,0,0,0,11.4189859122,0
"IL1A",0,0,0,0,8.111290972,0,0,0,0,0,0,0,0,0
"IL1B",0,0,0,0,21.65592931,0,0,0,0,0,0,0,0,0
"IL1R1",0,0,0,0,0,0,0,0,0,0,0,0,-6.86624961006,0
"IL1RL1",0,0,0,0,0,0,0,0,0,0,0,0,0,2.08077074582
"IL1RN",0,0,0,0,5.15157966,0,0,4.754297986,0,0,0,0,0,0
"IL23A",0,0,0,0,2.072904924,0,0,0,0,0,0,0,0,0
"IL32",0,0,0,0,10.45231642,0,0,15.96361909,0,0,0,0,0,0
"IL36G",0,0,0,0,9.826405558,0,0,13.42517432,0,0,0,0,0,0
"IL6",0,0,0,0,21.77063544,0,0,19.70357333,0,0,0,0,0,0
"IL7R",0,0,0,0,8.813312335,0,0,0,0,0,0,0,0,0
"IMMP2L",0,0,0,0,0,0,0,0,0,-2.01199922,0,0,0,0
"ING4",0,0,0,0,0,-7.700118076,0,0,0,0,0,0,0,0
"INHBA",0,0,0,0,12.46759366,0,0,15.56319868,0,0,0,0,0,0
"INO80C",0,0,0,0,0,4.108217479,0,0,0,0,0,0,0,0
"INPP1",0,0,0,0,0,0,0,0,0,0,7.488075836,0,0,0
"INPP5K",0,0,0,0,0,-4.530098153,0,0,0,0,0,0,0,0
"INSIG2",0,13.56219384,0,0,0,0,0,0,0,0,0,0,0,0
"IQGAP2",0,0,0,0,0,0,0,0,0,0,0,5.12448342846,0,0
"IRAK2",0,0,0,0,5.343391613,0,0,0,0,0,0,0,0,0
"IRF1",0,0,0,0,12.69800912,0,0,15.6507267,0,0,0,0,0,0
"IRF7",0,0,8.069374321,0,0,0,0,0,0,0,0,0,0,0
"IRF9",0,0,7.526584189,0,0,0,0,0,0,0,0,0,0,0
"IRS1",0,0,0,0,0,0,0,0,0,0,0,0,0,3.18782977995
"ISCU",0,0,0,0,0,0,0,0,0,0,5.512349954,0,0,0
"ISG15",0,0,20.03903353,0,0,0,0,0,0,0,0,0,0,0
"ISLR2",0,0,0,0,0,0,2.468060088,0,0,0,0,0,0,0
"ITGA11",0,0,0,0,0,0,3.392697565,0,0,0,0,0,0,0
"ITGB7",0,0,0,0,0,0,0,0,0,0,0,0,0,1.36135777708
"JCHAIN",0,0,0,0,0,0,0,0,0,-3.347995013,0,0,0,0
"KANK3",0,0,0,0,0,0,0,0,0,0,2.905439797,0,0,0
"KANSL1-AS1",0,0,0,0,0,-6.069950078,0,0,0,0,0,0,0,0
"KCNA5",0,0,0,0,0,0,0,0,1.480050066,0,0,0,0,0
"KCNAB3",0,0,0,0,0,0,0,0,-0.95173367,0,0,0,0,0
"KCNF1",1.57587573,0,0,0,0,0,0,0,0,0,0,0,0,0
"KCNJ10",0,0,0,0,0,0,0,0,0,0,0,0,0,-1.43276659141
"KCNJ3",0,0,0,0,0,0,0,0,0,0,0,0,-2.98207081773,0
"KCNJ5",0,0,0,0,0,0,0,0,0,0,0,0,0,-0.970656340025
"KCNK10",0,0,0,0,0,0,0,0,0,2.883306364,0,0,0,0
"KCNK5",0,0,0,0,0,0,0,0,0,0,0,0,4.65682787894,0
"KCNMA1",0,0,0,0,0,0,0,0,0,0,0,3.54241990608,0,0
"KCNN2",0,0,0,0,0,0,0,0,0,0,0,9.4731988889,0,0
"KDM3A",0,10.85075274,0,0,0,0,0,0,0,0,0,0,0,0
"KDM4B",0,3.650209323,0,0,0,0,0,0,0,0,0,0,0,0
"KDM4C",0,2.258150962,0,0,0,0,0,0,0,0,0,0,0,0
"KIAA0430",-2.298468517,0,0,0,0,0,0,0,0,0,0,0,0,0
"KIAA0513",0,0,0,0,0,0,0,0,0,0,0,0,-3.62315496931,0
"KIAA1211",0,0,0,0,0,0,0,0,0,-4.87119003,0,0,0,0
"KIAA1522",-2.506941467,0,0,-2.299898652,0,0,0,0,0,0,0,0,0,0
"KIF26B",0,0,0,0,0,0,0,0,0,0,0,0,0,1.36180050783
"KIRREL3",0,0,0,0,0,0,2.54238556,0,0,0,0,0,0,0
"KLF15",0,0,0,0,0,0,0,0,0,0,0,2.83253408437,0,0
"KLHDC2",-3.593929655,0,0,0,0,0,0,0,0,0,0,0,0,0
"KLHDC7A",0,0,0,0,0,0,0,0,0,0,4.566274609,0,0,0
"KLHL14",0,0,0,0,0,0,0,0,-1.762760001,0,0,0,0,0
"KLHL4",0,0,0,0,0,0,0,0,0,0,0,0,0,1.54051285835
"KLK10",0,0,0,0,0,0,0,0,0,0,0,0,0,2.00418100752
"KLK2",0,0,0,0,0,0,0,0,0,0,0,10.176185878,0,0
"KLK3",0,0,0,0,0,0,0,0,0,0,0,14.6068407674,0,0
"KLRA1P",0,0,0,0,0,0,0,0,0,0,0,0,0,1.38362129556
"KMO",0,0,0,0,3.974235065,0,0,0,0,0,0,0,0,0
"KMT5A",0,0,0,1.740974813,0,0,0,0,0,0,0,0,0,0
"KRR1",0,0,0,1.461707194,0,0,0,0,0,0,0,0,0,0
"KRT23",0,0,0,0,0,0,0,0,0,0,0,0,0,4.12161155069
"KRT35",0,0,0,0,0,0,0,0,1.082247271,0,0,0,0,0
"KRT6B",0,0,0,0,0,0,0,4.416223267,0,0,0,0,0,0
"KRTAP19-1",0,0,0,0,0,-6.881951691,0,0,0,0,0,0,0,0
"KYNU",0,0,0,0,6.404463606,0,0,0,0,0,0,0,0,0
"LAMB2",0,0,0,-2.392879637,0,0,0,0,0,0,0,0,0,0
"LAMC2",3.920115723,0,0,0,0,0,0,0,0,0,0,0,0,0
"LAMP3",0,0,9.973230294,0,0,0,0,0,0,0,0,0,0,0
"LAMTOR5-AS1",0,0,0,0,0,-8.031585519,0,0,0,0,0,0,0,0
"LAP3",0,0,7.384958867,0,0,0,0,0,0,0,0,0,0,0
"LARP7",-0.917077456,0,0,0,0,0,0,0,0,0,0,0,0,0
"LCE1B",0,0,0,0,0,0,0,0,0,0,11.8137366,0,0,0
"LCE1C",0,0,0,0,0,0,0,0,0,0,30.22074728,0,0,0
"LDHA",0,7.653450322,0,0,0,0,0,0,0,0,0,0,0,0
"LDLR",0,0,0,3.073910986,0,0,0,0,0,0,0,0,0,0
"LECT2",0,0,0,0,0,0,2.908951371,0,0,0,0,0,0,0
"LGALS14",0,0,0,0,0,0,0,0,0,0,0,0,0,0.981538986418
"LIFR",0,0,0,0,0,0,0,0,0,0,0,8.6125146918,0,0
"LIM2",0,0,0,0,0,0,0,0,1.123151436,0,0,0,0,0
"LIMS2",0,0,0,0,0,0,2.274946741,0,0,0,0,0,0,0
"LINC00163",0,0,0,0,0,0,0,0,1.858231668,0,0,0,0,0
"LINC00312",0,0,0,0,0,0,4.428987094,0,0,0,0,0,0,0
"LINC00642",0,0,0,0,0,0,0,0,0.926329559,0,0,0,0,0
"LINC01013",0,0,0,0,0,0,0,0,1.641975094,0,0,0,0,0
"LINC01095",0,0,0,0,0,0,0,0,1.252684745,0,0,0,0,0
"LINC01226",0,0,0,0,0,0,0,0,2.008094638,0,0,0,0,0
"LINC01355",0,0,0,0,0,0,0,0,0,3.867232246,0,0,0,0
"LINC01558",0,0,0,0,0,0,0,0,0,-1.206426457,0,0,0,0
"LMCD1",0,0,0,0,0,0,5.675281526,0,0,0,0,0,0,0
"LMO2",0,0,0,0,0,0,0,0,0,3.651742989,0,0,0,0
"LOC100130417",0,0,0,0,0,0,4.13227397,0,0,0,0,0,0,0
"LOC100130476",0,0,0,0,0,0,0,6.510654491,0,0,0,0,0,0
"LOC100131655",0,0,0,0,0,0,0,0,1.669804629,0,0,0,0,0
"LOC100133106",0,0,0,0,0,0,0,0,0,26.75492057,0,0,0,0
"LOC100134937",0,0,0,0,0,-8.910734122,0,0,0,0,0,0,0,0
"LOC100190986",0,0,0,0,0,0,0,0,-4.081676887,0,0,0,0,0
"LOC100288160",0,0,0,0,0,0,0,0,0,-6.354278463,0,0,0,0
"LOC100291323",0,0,0,0,0,0,0,0,-3.2310898,0,0,0,0,0
"LOC100291666",0,0,0,0,0,0,0,0,0,2.375975434,0,0,0,0
"LOC100505938",0,0,0,0,0,-8.285445628,0,0,0,0,0,0,0,0
"LOC100506125",0,0,0,0,0,-4.881363545,0,0,0,0,0,0,0,0
"LOC100506725",0,0,0,0,0,-4.603325398,0,0,0,0,0,0,0,0
"LOC100507477",0,0,0,0,0,-4.882151331,0,0,0,0,0,0,0,0
"LOC100996579",0,0,0,0,0,0,0,0,0,-3.444280545,0,0,0,0
"LOC101926892",0,0,0,0,0,0,0,0,-1.380737764,0,0,0,0,0
"LOC101927363",1.510406613,0,0,0,0,0,0,0,-1.605433548,0,0,0,0,0
"LOC101927641",0,0,0,0,0,0,0,0,1.286247394,0,0,0,0,0
"LOC101927809",0,0,0,0,0,-6.935235849,0,0,0,0,0,0,0,0
"LOC101928045",0,0,0,0,0,0,0,0,0,-3.921830834,0,0,0,0
"LOC101928076",0,0,0,0,0,0,5.712471251,0,0,0,0,0,0,0
"LOC101928271",0,0,0,0,0,0,0,0,1.203440716,0,0,0,0,0
"LOC101928424",0,0,0,0,0,-4.62744501,0,0,0,0,0,0,0,0
"LOC101928446",0,0,0,0,0,0,0,0,1.365348457,0,0,0,0,0
"LOC101928580",0,0,0,0,0,0,0,0,1.463459686,0,0,0,0,0
"LOC101929609",0,0,0,0,0,0,0,0,-1.719828177,0,0,0,0,0
"LOC102724587",0,0,0,0,0,0,0,0,-3.492188952,0,0,0,0,0
"LOC105373860",0,0,0,0,0,0,0,0,0,-3.066527107,0,0,0,0
"LOC105375483",0,0,0,0,0,0,0,0,1.47621553,0,0,0,0,0
"LOC105375839",1.428616839,0,0,0,0,0,0,0,0,0,0,0,0,0
"LOC105378419",0,0,0,0,0,0,0,0,1.777772369,0,0,0,0,0
"LOC146513",0,0,0,0,0,0,0,0,-1.346294211,0,0,0,0,0
"LOC154761",0,10.1918758,0,0,0,0,0,0,0,0,0,0,0,0
"LOC253573",0,0,0,0,0,0,0,0,-1.1973932,0,0,0,0,0
"LOC283075",0,0,0,0,0,-3.96967406,0,0,0,0,0,0,0,0
"LOC283861",0,0,0,0,0,-12.66826977,0,0,0,0,0,0,0,0
"LOC285043",0,0,0,0,0,0,0,0,1.253534611,0,0,0,0,0
"LOC285097",0,0,0,0,0,0,0,0,-1.556010725,0,0,0,0,0
"LOC400710",0,0,0,0,0,0,0,0,0,0,4.245149037,0,0,0
"LOC440300",0,0,0,0,0,0,0,0,0,-4.101687492,0,0,0,0
"LOC441179",0,0,0,0,0,0,0,0,0,-5.589827044,0,0,0,0
"LOC441454",0,0,0,0,0,0,0,0,-1.463201758,0,0,0,0,0
"LOC727916",0,0,0,0,0,0,0,0,0,0,13.95235789,0,0,0
"LOC728061",-4.442776001,0,0,0,0,0,0,0,0,0,0,0,0,0
"LOX",0,7.461207816,0,0,0,0,0,0,0,0,0,0,0,0
"LOXL2",0,4.608767867,0,0,0,0,0,0,0,0,0,0,0,0
"LPAR2",0,0,0,0,0,0,0,0,0,0,0,0,0,1.26399445256
"LPAR3",0,0,0,0,0,0,0,0,0,0,0,5.84827847574,0,0
"LRIG1",0,0,0,0,0,0,0,0,0,0,0,6.62607205612,0,0
"LRMP",0,0,0,0,0,0,0,0,0,-3.31230507,0,0,0,0
"LRP8",0,0,0,4.513004276,0,0,0,0,0,0,0,0,0,0
"LRRC15",0,0,0,0,0,0,2.304595154,0,0,0,0,0,0,0
"LRRC23",0,0,0,0,0,-3.29325311,0,0,0,0,0,0,0,0
"LRRC31",0,0,0,0,0,0,0,0,0,0,0,-5.18102258915,0,0
"LRRC32",0,0,0,0,0,0,5.293595631,0,0,0,0,0,0,0
"LRRFIP2",0,0,0,0,0,0,0,0,0,0,0,4.14418717192,0,0
"LRRN4CL",0,0,0,0,0,0,-3.784515127,0,0,0,0,0,0,0
"LSM12",0,0,0,0,0,0,0,0,-1.978770316,0,0,0,0,0
"LTB",0,0,0,0,3.187568792,0,0,4.827311631,0,0,0,0,0,0
"LTBP2",0,0,0,0,0,0,4.372793935,0,0,0,0,0,0,0
"LY86",0,0,0,0,0,0,0,0,0,0,0,0,0,1.59625220102
"LZTFL1",-1.873876929,0,0,0,0,0,0,0,0,0,0,0,0,0
"MAF",0,0,0,0,0,0,0,0,0,0,0,5.86387138398,0,0
"MAK",0,0,0,0,0,0,0,0,0,0,0,5.31367285271,0,0
"MALT1",0,0,0,0,0,0,0,0,0,0,0,6.66978209415,0,0
"MAN2B2",0,0,0,-1.917606137,0,0,0,0,0,0,0,0,0,0
"MANEA",0,0,0,0,0,0,0,0,0,0,0,-4.00414637037,0,0
"MAP3K8",0,0,0,0,7.399205365,0,0,0,0,0,0,0,0,0
"MAPK7",0,2.631904521,0,0,0,0,0,0,0,0,0,0,0,0
"MARCKS",0,0,0,0,4.761373089,0,0,0,0,0,0,0,0,0
"MBOAT2",0,0,0,0,0,0,0,0,0,0,0,10.4727329721,0,0
"MBTPS1",-1.406601375,0,0,0,0,0,0,0,0,0,0,0,0,0
"MCAM",0,0,0,0,0,5.125082723,0,0,0,0,0,0,0,0
"MCCC1",-2.17032353,0,0,-1.922676327,0,0,0,0,0,0,0,0,0,0
"MCCC2",0,0,0,0,0,0,0,0,0,0,0,2.80800480204,0,0
"MCL1",0,0,0,3.012864996,0,0,0,0,0,0,0,0,0,0
"MCMBP",0,0,0,1.887550735,0,0,0,0,0,0,0,0,0,0
"MDFI",1.160109073,0,0,0,0,0,0,0,0,0,0,0,0,0
"MDM2",0,0,0,0,0,0,0,0,0,0,8.193488269,0,0,0
"MED13L",0,0,0,0,0,0,0,0,0,0,0,0,3.83741058189,0
"MEX3B",0,0,0,0,0,0,3.97829237,0,0,0,0,0,0,0
"MFAP4",0,0,0,0,0,0,5.813038501,0,0,0,0,0,0,0
"MFGE8",0,0,0,0,0,-5.901530455,0,0,0,0,0,0,0,0
"MGST3",0,0,0,-1.452831682,0,0,0,0,0,0,0,0,0,0
"MIER2",0,0,0,0.956640357,0,0,0,0,0,0,0,0,0,0
"MIR100",0,0,0,0,0,0,0,0,0,12.19223627,0,0,0,0
"MIR181B2",0,0,0,0,0,0,3.294149643,0,0,0,0,0,0,0
"MIR199A1",0,0,0,0,0,0,0,0,0,10.24479733,0,0,0,0
"MIR210HG",0,11.49186484,0,0,0,0,0,0,0,0,0,0,0,0
"MIR222",0,0,0,0,0,0,0,0,0,29.41769785,0,0,0,0
"MIR29A",0,0,0,0,0,0,0,0,0,31.14252195,0,0,0,0
"MIR31",0,0,0,0,0,0,0,0,0,18.75434176,0,0,0,0
"MIR323B",0,0,0,0,0,0,0,0,0,-9.343856107,0,0,0,0
"MIR34A",0,0,0,0,0,0,0,0,0,0,11.19059315,0,0,0
"MIR34AHG",0,0,0,0,0,0,0,0,0,9.042703151,0,0,0,0
"MIR503HG",0,0,0,0,0,0,0,0,0,-13.93857445,0,0,0,0
"MIRLET7A2",0,0,0,0,0,0,0,0,0,14.70058281,0,0,0,0
"MISP",0,0,0,0,0,0,0,0,0,0,0,0,-4.33416825574,0
"MLANA",0,0,0,0,0,-9.985742932,0,0,0,0,0,0,0,0
"MMP10",0,0,0,0,0,0,0,8.34742784,0,0,0,0,0,0
"MMP12",0,0,0,0,0,0,0,6.477017109,0,0,0,0,0,0
"MMP13",0,0,0,0,0,0,0,7.105759033,0,0,0,0,0,0
"MMP9",0,0,0,0,0,0,0,12.58875773,0,0,0,0,0,0
"MPC2",0,0,0,0,0,0,0,0,0,0,0,5.88831328709,0,0
"MPHOSPH9",0,0,0,0,0,0,0,0,0,0,0,5.10619862739,0,0
"MPI",0,3.502165309,0,0,0,0,0,0,0,0,0,0,0,0
"MPP6",0,0,0,2.242621575,0,0,0,0,0,0,0,0,0,0
"MPPED2",0,0,0,0,0,0,0,0,0,0,0,0,3.91502173549,0
"MRAS",0,0,0,0,0,0,5.201966581,0,0,0,0,0,0,0
"MRGPRX3",0,0,0,0,0,0,0,10.78621056,0,0,0,0,0,0
"MRPS18A",0,0,0,0,0,0,0,0,0,0,0,3.92493588807,0,0
"MS4A1",0,0,0,0,0,0,0,0,1.479370072,0,0,0,0,0
"MSC",0,0,0,0,6.359206553,0,0,0,0,0,0,0,0,0
"MSH3",0,0,0,0,0,0,0,0,0,0,0,0,0,0.863448783565
"MSI1",0,0,0,0,0,0,0,0,0,0,0,0,0,1.00152333996
"MSMB",0,0,0,0,0,0,0,0,0,0,0,0,4.54908081939,0
"MSR1",0,0,0,0,0,0,-1.764838202,0,0,0,0,0,0,0
"MST1",0,0,0,0,0,-4.986885636,0,0,0,0,0,0,0,0
"MSX1",0,0,0,0,0,0,0,0,0,0,0,0,0,4.13090389196
"MSX2",0,0,0,0,0,0,0,0,0,0,0,0,0,1.56657068981
"MTMR9",0,0,0,0,0,0,0,0,0,0,0,6.13064559946,0,0
"MUC19",0,0,0,0,0,0,0,0,0,0,7.040110233,0,0,0
"MURC",0,0,0,0,0,0,4.597343339,0,0,0,0,0,0,0
"MUT",-1.69086957,0,0,0,0,0,0,0,0,0,0,0,0,0
"MX1",0,0,19.38413127,0,0,0,0,0,0,0,0,0,0,0
"MX2",0,0,11.8187031,0,0,0,0,0,0,0,0,0,0,0
"MXI1",0,10.86092145,0,0,0,0,0,0,0,0,0,0,0,0
"MYB",0,0,0,0,0,0,0,0,0,0,0,0,9.4277805658,0
"MYBPC1",0,0,0,0,0,0,0,0,0,0,0,4.60857869284,0,0
"MYD88",0,0,4.304430723,0,0,0,0,0,0,0,0,0,0,0
"MYEOV",1.726632434,0,0,0,0,0,0,0,0,0,0,0,0,0
"MYH14",0,0,0,0,0,0,0,0,0,0,0,0,-2.13654612134,0
"MYL5",0,0,0,0,0,-5.238296461,0,0,0,0,0,0,0,0
"MYNN",0,0,0,0,0,0,0,0,0,0,0,-2.91880437202,0,0
"MYO1A",0.99477812,0,0,0,0,0,0,0,0,0,0,0,0,0
"MYO1B",0,0,0,0,0,0,0,0,0,0,0,0,-5.4741888205,0
"MYO3A",0,0,0,0,0,0,0,0,0,-1.952178042,0,0,0,0
"MYOC",0,0,0,0,0,0,0,0,1.001947096,0,0,0,0,0
"MYOZ1",0,0,0,0,0,0,4.96247485,0,0,0,0,0,0,0
"MZB1",0,0,0,0,0,0,0,0,0,-1.701307412,0,0,0,0
"N4BP2L2",-1.594014646,0,0,0,0,0,0,0,0,0,0,0,0,0
"NADSYN1",0,0,0,0,0,0,0,0,0,0,3.83691258,0,0,0
"NARF",0,4.095149125,0,0,0,0,0,0,0,0,0,0,0,0
"NBEAP1",0,0,0,0,0,0,0,0,0,0,6.712308533,0,0,0
"NBR1",-1.997203364,0,0,0,0,0,0,0,0,0,0,0,0,0
"NCAM1",0,0,0,0,0,0,0,0,0,0,0,0,0,-0.877086430495
"NCAPD3",0,0,0,0,0,0,0,0,0,0,0,8.44090141153,0,0
"NCKAP5",0,0,0,0,0,0,0,0,0,-8.071059398,0,0,0,0
"NCKIPSD",0,2.336982502,0,0,0,0,0,0,0,0,0,0,0,0
"NDRG1",0,22.08711949,0,0,0,0,0,0,0,0,0,0,0,0
"NDST3",0,0,0,0,0,0,0,0,0.966563798,0,0,0,0,0
"NECAP2",0,0,0,0,2.442793501,0,0,2.72740852,0,0,0,0,0,0
"NECTIN4",0,0,0,0,0,0,0,0,0,0,9.308876218,0,0,0
"NEDD9",0,0,0,0,0,0,4.36119281,0,0,0,0,0,0,0
"NENF",0,0,0,0,0,-2.862233449,0,0,0,0,0,0,0,0
"NFAM1",0,0,0,0,0,0,0,0,1.13890912,0,0,0,0,0
"NFKB1",0,0,0,0,9.513636221,0,0,9.348958018,0,0,0,0,0,0
"NFKB2",0,0,0,0,5.515575382,0,0,5.002450148,0,0,0,0,0,0
"NFKBIA",0,0,0,0,11.44453371,0,0,12.56770044,0,0,0,0,0,0
"NFKBIB",0,0,0,0,2.065595878,0,0,2.087127407,0,0,0,0,0,0
"NFKBIE",0,0,0,0,8.211832848,0,0,10.35620537,0,0,0,0,0,0
"NFKBIZ",0,0,0,0,15.12381584,0,0,0,0,0,0,0,0,0
"NGLY1",0,3.504608648,0,0,0,0,0,0,0,0,0,0,0,0
"NID2",0,0,0,0,0,0,0,0,0,-4.917471725,0,0,0,0
"NINJ1",0,0,0,0,8.012250579,0,0,8.560734677,0,0,0,0,0,0
"NINJ2",0,0,0,0,0,0,3.875626596,0,0,0,0,0,0,0
"NKAIN1",0,0,0,0,0,0,0,0,0,0,0,0,4.73154567799,0
"NKD2",0,0,0,0,0,0,0,0,0,3.895383726,0,0,0,0
"NKX3-1",0,0,0,0,2.372983299,0,0,2.871632769,0,0,0,10.6225511027,0,0
"NLGN1",0,0,0,0,0,0,0,0,0,-5.618074933,0,0,0,0
"NLRC5",0,0,6.546845261,0,0,0,0,0,0,0,0,0,0,0
"NMI",0,0,7.432654588,0,0,0,0,0,0,0,0,0,0,0
"NNT",0,0,0,-1.819728215,0,0,0,0,0,0,0,0,0,0
"NOL3",0,3.938029536,0,0,0,0,0,0,0,0,0,0,0,0
"NOX1",0,0,0,0,0,0,-1.045763375,0,0,0,0,0,0,0
"NOX4",0,0,0,0,0,0,5.913813152,0,0,0,0,0,0,0
"NPPC",0,0,0,0,0,0,0,0,0,0,0,4.04611571241,0,0
"NPW",0,0,0,0,0,0,0,0,-2.200019787,0,0,0,0,0
"NPY",0,0,0,0,0,0,0,0,1.606726273,0,0,0,0,0
"NPY1R",0,0,0,0,0,0,0,0,0,0,0,0,10.6645059299,0
"NPY2R",0,0,0,0,0,0,0,0,0,0,0,0,0,1.38723387106
"NR1D2",-3.083272449,0,0,0,0,0,0,0,0,0,0,0,0,0
"NR2E1",0,0,0,0,0,-2.721518098,0,0,0,0,0,0,0,0
"NR5A2",0,0,0,0,0,0,0,0,0,0,0,0,5.15006194006,0
"NRF1",0,0,0,0,0,0,0,0,0,0,-2.351035148,0,0,0
"NRG3",0,0,0,0,0,0,0,0,0,-5.823747329,0,0,0,0
"NRIP1",0,0,0,0,0,0,0,0,0,0,0,0,10.0200104925,0
"NRN1",0,6.727516861,0,0,0,0,0,0,0,0,0,0,0,0
"NSMAF",0,0,0,0,0,0,0,0,0,0,0,3.28454451793,0,0
"NT5E",0,0,0,5.838881391,0,0,0,0,0,0,0,0,0,0
"NT5M",0,0,0,0,0,-3.915130553,0,0,0,0,0,0,0,0
"NTF3",0,0,0,0,0,0,0,0,0,0,0,0,0,2.27388978335
"NUAK1",0,0,0,0,0,0,6.095429922,0,0,0,0,0,0,0
"NUDT19",0,0,0,0,0,0,0,0,0,-9.111368058,0,0,0,0
"NUP50",0,0,0,1.774710735,0,0,0,0,0,0,0,0,0,0
"OAS1",0,0,15.02871459,0,0,0,0,0,0,0,0,0,0,0
"OAS2",0,0,9.624826434,0,0,0,0,0,0,0,0,0,0,0
"OAS3",0,0,10.61884182,0,0,0,0,0,0,0,0,0,0,0
"OASL",0,0,12.71072721,0,0,0,0,0,0,0,0,0,0,0
"OCLM",0,0,0,0,0,0,0,0,0,0,0,0,0,1.25047137373
"ODC1",4.678550829,0,0,0,0,0,0,0,0,0,0,0,0,0
"OGFR",0,0,2.042478138,0,0,0,0,0,0,0,0,0,0,0
"OLFM1",0,0,0,0,0,0,0,0,0,0,0,0,3.75243310871,0
"OLFM2",0,0,0,0,0,0,2.065375989,0,0,0,0,0,0,0
"OLFM4",0,0,0,0,0,0,0,0,0,0,0,0,0,-1.42315030737
"OLR1",0,0,0,0,7.842010286,0,0,0,0,0,0,0,0,0
"OPCML",0,0,0,0,0,0,4.467950883,0,0,0,0,0,0,0
"OPRK1",0,0,0,0,0,0,0,0,0,0,0,-5.62607353634,0,0
"OR5K1",0,0,0,0,0,0,0,0,-1.261246054,0,0,0,0,0
"OSER1-AS1",0,0,0,0,0,-7.849135446,0,0,0,0,0,0,0,0
"P2RX1",0,0,0,0,0,0,2.758138292,0,0,0,0,0,0,0
"P2RY14",0,0,0,0,0,0,0,0,0,2.830002095,0,0,0,0
"P4HA1",0,11.06765669,0,0,0,0,0,0,0,0,0,0,0,0
"P4HA2",0,6.280343557,0,0,0,0,0,0,0,0,0,0,0,0
"PADI4",0,0,0,0,0,0,0,0,0,0,4.107730148,0,0,0
"PAEP",0,0,0,0,0,-3.803227554,0,0,0,0,0,0,0,0
"PAK1IP1",0,0,0,0,0,0,0,0,0,0,0,7.6919315634,0,0
"PAM",0,6.264296386,0,0,0,0,0,0,0,0,0,0,0,0
"PARP12",0,0,6.944101053,0,0,0,0,0,0,0,0,0,0,0
"PARP14",0,0,6.397283813,0,0,0,0,0,0,0,0,0,0,0
"PARP9",0,0,8.715151859,0,0,0,0,0,0,0,0,0,0,0
"PAWR",0,0,0,0,0,0,2.553434285,0,0,0,0,0,0,0
"PBLD",0,0,0,-1.977683783,0,0,0,0,0,0,0,0,0,0
"PBX1",0,0,0,-2.999613265,0,0,0,0,0,0,0,0,0,0
"PCMTD2",-2.195375446,0,0,0,0,0,0,0,0,0,0,0,0,0
"PCP4",0,0,0,0,0,0,0,0,0,0,0,0,6.36520077341,0
"PDAP1",0,0,0,0,0,0,0,0,-1.370496603,0,0,0,0,0
"PDE6C",0,0,0,0,0,0,0,0,0,0,3.014135403,0,0,0
"PDE9A",0,0,0,0,0,0,0,0,0,0,0,2.90020939568,0,0
"PDK1",0,13.1204494,0,0,0,0,0,0,0,0,0,0,0,0
"PDK3",0,4.399750739,0,0,0,0,0,0,0,0,0,0,0,0
"PDPN",0,0,0,0,0,0,0,2.354250679,0,0,0,0,0,0
"PEX1",-1.661662409,0,0,0,0,0,0,0,0,0,0,0,0,0
"PEX10",0,0,0,0,0,0,0,0,0,0,0,5.74946026182,0,0
"PEX11G",0,0,0,0,0,-4.454613643,0,0,0,0,0,0,0,0
"PFKFB3",0,14.54719208,0,0,0,0,0,0,0,0,0,0,0,0
"PFKFB4",0,8.940270839,0,0,0,0,0,0,0,0,0,0,0,0
"PFKL",0,3.544616389,0,0,0,0,0,0,0,0,0,0,0,0
"PFKP",0,9.233200906,0,0,0,0,0,0,0,0,0,0,0,0
"PGAM1",0,6.378265135,0,0,0,0,0,0,0,0,0,0,0,0
"PGAP1",0,0,0,0,0,0,0,0,0,0,5.574287107,0,0,0
"PGC",0,0,0,0,0,0,0,0,0,0,0,4.7496332151,0,0
"PGF",0,0,0,0,0,0,0,0,0,0,4.454846512,0,0,0
"PGK1",0,9.993991394,0,0,0,0,0,0,0,0,0,0,0,0
"PGM1",0,7.885834616,0,0,0,0,0,0,0,0,0,0,0,0
"PGR",0,0,0,0,0,0,0,0,0,0,0,0,8.52814244888,0
"PHACTR3",0,0,0,0,0,0,0,0,0,-9.249968612,0,0,0,0
"PHC2",0,0,0,2.395401024,0,0,0,0,0,0,0,0,0,0
"PHF11",0,0,3.861731336,0,0,0,0,0,0,0,0,0,0,0
"PHF8",0,0,0,0,0,0,0,0,0,0,0,1.86964493558,0,0
"PHLDA1",6.619626129,0,0,7.045289229,0,0,0,0,0,0,0,0,0,0
"PHLDA2",3.505138341,0,0,3.858238654,0,0,0,0,0,0,0,0,0,0
"PHLDA3",0,0,0,0,0,0,0,0,0,0,6.790437343,0,0,0
"PIDD1",0,0,0,0,0,0,0,0,0,0,5.960640724,0,0,0
"PIEZO2",0,0,0,0,0,0,0,0,0,-1.891097004,0,0,0,-1.05133509247
"PIK3C2B",0,0,0,-2.752686573,0,0,0,0,0,0,0,0,0,0
"PIK3R3",0,0,0,0,0,0,0,0,0,0,0,0,-5.49749606658,0
"PKHD1L1",0,0,0,0,0,0,0,0,0,-2.105204039,0,0,0,0
"PKM",0,4.745179717,0,0,0,0,0,0,0,0,0,0,0,0
"PKNOX2",0,0,0,0,0,0,2.04849174,0,0,0,0,0,0,0
"PLA2R1",0,0,0,0,0,0,0,0,0,0,0,0,0,-1.1473081003
"PLAC1",0,0,0,0,0,0,0,0,0,0,0,0,5.06711601484,0
"PLAU",0,0,0,0,0,0,0,11.49288416,0,0,0,0,0,0
"PLCB4",0,0,0,0,0,0,3.933890285,0,0,0,0,0,0,0
"PLEK2",3.439256964,0,0,0,0,0,0,0,0,0,0,0,0,0
"PLN",0,0,0,0,0,0,2.748323222,0,0,0,0,0,0,0
"PLOD1",0,6.610224849,0,0,0,0,0,0,0,0,0,0,0,0
"PLOD2",0,13.60014401,0,0,0,0,0,0,0,0,0,0,0,0
"PLPP2",0,0,0,0,0,0,0,0,0,0,0,0,-4.47476054597,0
"PLSCR1",0,0,8.481603173,0,0,0,0,0,0,0,0,0,0,0
"PLSCR2",0,0,1.506671203,0,0,0,0,0,0,0,0,0,0,0
"PLTP",0,0,0,0,0,0,0,0,0,0,6.885032885,0,0,0
"PMEL",0,0,0,0,0,-6.590348248,0,0,0,0,0,0,0,0
"PMEPA1",0,0,0,0,0,0,8.096140881,0,0,0,0,10.9989122239,0,0
"PML",0,0,3.608525277,0,0,0,0,0,0,0,0,0,0,0
"PNISR",-1.595388043,0,0,0,0,0,0,0,0,0,0,0,0,0
"PNP",4.643619942,0,0,4.910464032,0,0,0,0,0,0,0,0,0,0
"PODNL1",0,0,0,0,0,0,2.148909684,0,0,0,0,0,0,0
"POLH",0,0,0,0,0,0,0,0,0,0,5.176012643,0,0,0
"POLR3G",0,0,0,2.829483976,0,0,0,0,0,0,0,0,0,0
"POP4",0,-2.314412634,0,0,0,0,0,0,0,0,0,0,0,0
"POT1",-1.833300858,0,0,0,0,0,0,0,0,0,0,0,0,0
"POT1-AS1",0,0,0,0,0,0,0,0,0,-7.699582951,0,0,0,0
"PP12708",0,0,0,0,0,0,0,0,0,-3.003598729,0,0,0,0
"PP13439",0,0,0,0,0,0,0,0,-1.748358533,0,0,0,0,0
"PPFIA4",0,10.83761456,0,0,0,0,0,0,0,0,0,0,0,0
"PPIF",0,0,0,0,0,0,0,0,0,0,0,0,10.130802152,0
"PPM1D",0,0,0,0,0,0,0,0,0,0,6.249520581,0,0,0
"PPP2CB",0,0,0,0,0,0,0,0,0,0,0,2.35261800325,0,0
"PPP2R5B",0,3.482583396,0,0,0,0,0,0,0,0,0,0,0,0
"PPP4R4",0,0,0,0,2.427471575,0,0,3.328054609,0,0,0,0,0,0
"PRCP",0,0,0,-1.278684441,0,0,0,0,0,0,0,0,0,0
"PRDM1",0,0,0,0,4.416532347,0,0,0,0,0,0,0,0,0
"PRDM5",0,0,0,0,0,0,0,0,0,0,0,0,0,0.987983717211
"PRKAB1",0,0,0,0,0,0,0,0,0,0,4.520029459,0,0,0
"PRKD2",0,0,2.155494878,0,0,0,0,0,0,0,0,0,0,0
"PRNP",0,0,0,2.597310807,0,0,0,0,0,0,0,0,0,0
"PRR7-AS1",0,0,0,0,0,6.936322002,0,0,0,0,0,0,0,0
"PRSS23",0,0,0,0,0,0,0,0,0,0,0,0,8.75522282336,0
"PRSS53",0,1.974506232,0,0,0,0,0,0,0,0,0,0,0,0
"PSMB8",0,0,5.869684021,0,0,0,0,0,0,0,0,0,0,0
"PSMB8-AS1",0,0,4.496055036,0,0,0,0,0,0,0,0,0,0,0
"PSMB9",0,0,8.158511506,0,0,0,0,0,0,0,0,0,0,0
"PSMD8",0,0,0,0,0,0,0,0,0,0,0,3.65732836091,0,0
"PSMG3-AS1",0,0,0,0,0,-8.013276583,0,0,0,0,0,0,0,0
"PTCH1",0,0,0,0,0,0,0,0,0,-2.784163823,0,0,0,0
"PTHLH",3.613976653,0,0,0,0,0,0,0,0,0,0,0,0,0
"PTX3",0,0,0,0,21.24789564,0,0,21.50273417,0,0,0,0,0,0
"PWP2",1.172488384,0,0,1.332212199,0,0,0,0,0,0,0,0,0,0
"QRSL1",0,-2.245297808,0,0,0,0,0,0,0,0,0,0,0,0
"RAB20",0,4.256260325,0,0,0,0,0,0,0,0,0,0,0,0
"RAB26",0,0,0,-3.438978272,0,0,0,0,0,0,0,0,0,0
"RAB27B",0,0,0,0,0,0,0,0,0,0,0,0,-5.88914566171,0
"RAB33B",-1.783642816,0,0,0,0,0,0,0,0,0,0,0,0,0
"RAB37",0,0,0,0,0,0,0,0,2.947927918,0,0,0,0,0
"RAB3B",0,0,0,0,0,0,0,0,0,0,0,4.39309957965,0,0
"RAB5B",0,0,0,-2.080450642,0,0,0,0,0,0,0,0,0,0
"RAB9A",0,0,0,0,0,0,0,0,0,0,0,0,-6.00777315701,0
"RABGAP1",-1.269400259,0,0,0,0,0,0,0,0,0,0,0,0,0
"RAG2",0,0,0,0,0,0,0,0,1.571449059,0,0,0,0,0
"RAP2B",0,0,0,0,0,0,0,0,0,0,0,0,0,2.32707816213
"RAPGEFL1",0,0,0,0,0,0,0,0,0,0,0,0,10.544895916,0
"RARA",0,0,0,0,0,0,0,0,0,0,0,0,3.02158025348,0
"RASD2",0,0,0,0,0,0,3.384557152,0,0,0,0,0,0,0
"RASGRP2",0,0,0,0,0,0,0,0,0,0,0,0,0,-1.28386241053
"RASL11B",0,0,0,0,0,0,2.72300987,0,0,0,0,0,0,0
"RBBP8",0,0,0,0,0,0,0,0,0,0,0,0,6.83400284824,0
"RBM48",-1.053774238,0,0,0,0,0,0,0,0,0,0,0,0,0
"RBMS2",0,0,0,0,0,0,0,0,0,0,0,0,0,2.11730003842
"RBPJ",0,3.851456746,0,0,0,0,0,0,0,0,0,0,0,0
"RCL1",0,0,0,0,0,0,0,0,0,0,0,0,4.21924727177,0
"RCOR3",-1.670772393,0,0,0,0,0,0,0,0,0,0,0,0,0
"REL",0,0,0,0,4.709972557,0,0,0,0,0,0,0,0,0
"RELB",0,0,0,0,7.779221973,0,0,9.264593785,0,0,0,0,0,0
"RET",0,0,0,0,0,0,0,0,0,0,0,0,10.7180267789,0
"RETSAT",0,0,0,0,0,0,0,0,0,0,7.136727986,0,0,0
"RFLNB",0,0,0,0,0,0,7.309130128,0,0,0,0,0,0,0
"RGAG4",0,0,0,0,0,0,0,0,0,0,4.585514535,0,0,0
"RGL1",0,0,0,0,0,0,0,0,0,9.312973587,0,0,0,0
"RGS10",0,0,0,0,0,-3.880397339,0,0,0,0,0,0,0,0
"RGSL1",0,0,0,0,0,0,0,0,0.831747421,0,0,0,0,0
"RHBDF1",0,0,0,0,0,0,0,0,0,0,0,0,-3.65846843274,0
"RHBDL2",0,0,0,0,0,0,0,3.677837371,0,0,0,0,0,0
"RHCG",0,0,0,0,0,0,0,3.101600356,0,0,0,0,0,0
"RHEBL1",0,0,0,0,0,0,0,0,4.128711529,0,0,0,0,0
"RINL",0,0,0,0,0,0,0,0,0,0,4.514689687,0,0,0
"RIOK3",0,3.730301284,0,0,0,0,0,0,0,0,0,0,0,0
"RIPK2",0,0,0,0,5.979752131,0,0,5.572407894,0,0,0,0,0,0
"RLF",0,7.070285475,0,0,0,0,0,0,0,0,0,0,0,0
"RLN2",0,0,0,0,0,0,0,0,0,0,0,0,6.71852324093,0
"RNASEH2B",0,0,0,0,0,0,0,0,0,0,0,0,0,1.05685087869
"RND1",0,0,0,0,0,0,0,4.684880683,0,0,0,0,0,0
"RNF114",0,0,2.491567549,0,0,0,0,0,0,0,0,0,0,0
"RNF138",0,0,0,2.355742207,0,0,0,0,0,0,0,0,0,0
"RNF146",-2.170821164,0,0,0,0,0,0,0,0,0,0,0,0,0
"RNF175",0,0,0,0,0,0,0,0,2.800903061,0,0,0,0,0
"RNF19B",0,0,0,0,6.707004337,0,0,0,0,0,0,0,0,0
"RNF213",0,0,4.937516057,0,0,0,0,0,0,0,0,0,0,0
"RNF24",0,3.853058942,0,0,0,0,0,0,0,0,0,0,0,0
"RNF43",0,0,0,0,0,0,0,0,0,0,0,0,-5.41598767784,3.62818214446
"RNU105B",0,0,0,0,0,0,0,0,0,-6.35747091,0,0,0,0
"RORA",0,4.50877176,0,0,0,0,0,0,0,0,0,0,0,0
"RORB",0,0,0,0,0,0,0,0,0,-2.774477402,0,0,0,0
"RPS27L",0,0,0,0,0,0,0,0,0,0,6.251164528,0,0,0
"RPS29",0,0,0,0,0,-5.844440866,0,0,0,0,0,0,0,0
"RRM2B",0,0,0,0,0,0,0,0,0,0,10.63292768,0,0,0
"RRP12",0,0,0,0,0,0,0,0,-1.140568663,0,0,0,0,0
"RSAD2",0,0,22.89872743,0,0,0,0,0,0,0,0,0,0,0
"RTP4",0,0,9.451139676,0,0,0,0,0,0,0,0,0,0,0
"RUBCNL",0,0,0,0,0,0,0,0,0,0,0,0,0,2.90072733261
"RUSC2",0,0,0,0,0,0,2.353179566,0,0,0,0,0,0,0
"RXFP1",0,0,0,0,0,0,-2.27771793,0,0,0,0,0,0,0
"S100A1",0,0,0,0,0,-3.988923956,0,0,0,0,0,0,0,0
"SAMD11",0,0,0,0,0,0,4.983084704,0,0,0,0,0,0,0
"SAMD9",0,0,10.42621916,0,0,0,0,0,0,0,0,0,0,0
"SAMD9L",0,0,10.5628991,0,0,0,0,0,0,0,0,0,0,0
"SAMHD1",0,0,7.133444859,0,0,0,0,0,0,0,0,0,0,0
"SAP30",0,2.905750988,0,0,0,0,0,0,0,0,0,0,0,0
"SBSPON",0,0,0,0,0,0,0,0,0,0,0,0,0,1.4732102099
"SCAP",0,0,0,0,0,0,0,0,0,0,0,2.92921089044,0,0
"SCML4",0,0,0,0,0,0,0,0,0,-1.878268206,0,0,0,0
"SCN3B",0,0,0,0,0,0,0,0,0,0,4.859001751,0,0,0
"SCNN1D",0,0,0,0,0,0,0,0,-1.420045806,0,0,0,0,0
"SCPEP1",0,0,0,-1.932565104,0,0,0,0,0,0,0,0,0,0
"SDC4",0,0,0,0,8.153400365,0,0,8.122776208,0,0,0,0,0,0
"SDCCAG3",0,0,0,1.564153677,0,0,0,0,0,0,0,0,0,0
"SDK2",0,0,0,0,0,0,0,0,0,0,0,0,1.87704625885,0
"SEC14L2",0,0,0,0,0,0,0,0,0,0,0,4.38852738911,5.23907790111,0
"SEC31B",0,0,0,0,0,0,0,0,0,0,0,0,0,1.44708283337
"SEC61G",0,4.741112934,0,0,0,0,0,0,0,0,0,0,0,0
"SECTM1",0,0,5.993229884,0,0,0,0,0,0,0,0,0,0,0
"SEL1L3",0,0,0,0,0,0,0,0,0,0,0,0,0,-1.62188109405
"SELENOP",0,0,0,0,0,0,0,0,0,0,0,6.33678058131,0,0
"SEMA7A",0,0,0,0,0,0,3.894772045,0,0,0,0,0,0,0
"SENP5",0,0,0,0,0,0,0,0,0,1.865549457,0,0,0,0
"SENP7",-2.110343783,0,0,0,0,0,0,0,0,0,0,0,0,0
"SERPINA3",0,0,0,0,0,0,0,11.40579932,0,0,0,0,0,0
"SERPINB5",0,0,0,0,0,0,0,0,0,0,4.79640561,0,0,0
"SESN1",0,0,0,0,0,0,0,0,0,0,12.5292289,0,0,0
"SFRP5",0,0,0,0,0,0,0,0,0,0,0,0,0,-1.07940364175
"SGCG",0,0,0,0,0,0,0,0,0,0,0,0,-4.18181325248,0
"SGK1",0,0,0,0,0,0,0,0,0,0,0,12.8168418138,0,0
"SGPL1",0,0,0,0,0,0,2.583923273,0,0,0,0,0,0,0
"SGPP2",0,0,0,0,7.416978194,0,0,0,0,0,0,0,0,0
"SH2D5",2.432132976,0,0,0,0,0,0,0,0,0,0,0,0,0
"SH3BGRL",0,0,0,-2.723446509,0,0,0,0,0,0,0,0,0,0
"SH3BP4",0,0,0,0,0,0,0,0,0,0,0,0,-4.87774227508,0
"SH3PXD2A",0,0,0,0,0,0,3.879791809,0,0,0,0,0,0,0
"SI",0,0,0,0,0,0,0,0,0,0,0,-5.79500307445,0,0
"SIAH2",0,0,0,0,0,0,0,0,0,0,0,0,9.43676093773,0
"SIDT1",0,0,0,0,0,0,0,0,0,0,0,0,-4.23204663804,0
"SIDT2",0,0,0,-2.752710875,0,0,0,0,0,0,0,0,0,0
"SIGLEC6",0,0,0,0,0,0,0,0,0,0,0,0,0,2.0207361471
"SIRT2",0,0,0,-1.323283137,0,0,0,0,0,0,0,0,0,0
"SKIL",0,0,0,0,0,0,4.274181219,0,0,0,0,0,0,0
"SLC11A2",0,0,0,0,2.686648039,0,0,0,0,0,0,0,0,0
"SLC15A2",0,0,0,0,0,0,0,0,0,0,0,5.13992665138,0,0
"SLC15A3",0,0,4.260739183,0,0,0,0,0,0,0,0,0,0,0
"SLC18A1",0,0,0,0,0,4.652092527,0,0,0,0,0,0,0,0
"SLC20A1",0,0,0,6.810352967,0,0,0,0,0,0,0,0,0,0
"SLC22A5",0,0,0,0,0,0,0,0,0,0,0,0,7.73829566495,0
"SLC25A24",0,0,0,0,0,0,0,0,0,0,0,0,3.66548160476,0
"SLC25A28",0,0,3.933461654,0,0,0,0,0,0,0,0,0,0,0
"SLC25A36",0,5.32904399,0,0,0,0,0,0,0,0,0,0,0,0
"SLC26A4",0,0,0,0,0,-3.738839891,0,0,0,0,0,0,0,0
"SLC27A1",0,0,0,0,0,-8.32992084,0,0,0,0,0,0,0,0
"SLC2A1",0,8.67915398,0,0,0,0,0,0,0,0,0,0,0,0
"SLC2A6",0,0,0,0,9.729988099,0,0,10.24910834,0,0,0,0,0,0
"SLC35F2",0,0,0,2.850982002,0,0,0,0,0,0,0,0,0,0
"SLC38A4",0,0,0,0,0,0,0,0,0,0,0,7.36380493768,0,0
"SLC41A2",0,0,0,0,4.915006504,0,0,5.35799494,0,0,0,0,0,0
"SLC44A5",0,0,0,0,0,0,0,0,0,0,5.04342092,0,0,0
"SLC45A3",1.902438902,0,0,0,0,0,0,0,0,0,0,0,0,0
"SLC4A7",0,0,0,2.709494994,0,0,0,0,0,0,0,0,0,0
"SLC52A1",0,0,0,0,0,0,0,0,0,0,4.155589846,0,0,0
"SLC7A5",0,0,0,0,0,0,0,0,0,0,0,0,11.2240689529,0
"SLC7A8",0,0,0,0,0,0,0,0,0,0,0,0,0,-2.4843729916
"SLC7A9",0,0,0,0,0,0,0,0,1.215710769,0,0,0,0,0
"SLC9A1",0,0,0,0,0,0,0,0,0,0,0,0,-2.59442657319,0
"SLCO2A1",0,0,0,0,0,0,4.869788433,0,0,0,0,0,0,0
"SLCO4A1",0,0,0,4.084538144,0,0,0,0,0,0,0,0,0,0
"SLCO4A1-AS1",0,0,0,0,0,-7.831940576,0,0,0,0,0,0,0,0
"SLITRK3",0,0,0,0,0,0,0,0,0,0,0,-3.32064361336,0,0
"SMAD1",0,0,0,0,0,0,0,0,0,-3.801111564,0,0,0,0
"SMAD6",0,0,0,0,0,0,2.798265386,0,0,0,0,0,0,0
"SMAD7",0,0,0,0,0,0,7.631143375,0,0,0,0,0,0,0
"SMCO3",0,0,0,0,0,0,0,0,0,-2.101984572,0,0,0,0
"SMG1P5",0,0,0,0,0,0,0,0,-4.048783121,0,0,0,0,0
"SMIM10L2A",0,0,0,0,0,0,0,0,0,0,6.372565195,0,0,0
"SMIM19",0,0,0,0,0,-7.210559012,0,0,0,0,0,0,0,0
"SMURF1",0,0,0,0,0,0,1.538153233,0,0,0,0,0,0,0
"SMURF2",0,0,0,3.030161763,0,0,0,0,0,0,0,0,0,0
"SNAI1",0,0,0,0,0,0,3.568173931,0,0,0,0,0,0,0
"SNAI2",0,0,0,0,0,0,0,0,0,0,0,19.8215089854,0,0
"SNCAIP",0,0,0,0,0,0,0,0,0,0,0,0,0,1.43635014664
"SNORA70E",0,0,0,0,0,0,0,0,0,-8.300003611,0,0,0,0
"SNORD114-2",0,0,0,0,0,0,0,0,0,-13.38599286,0,0,0,0
"SNTB1",0,0,0,0,0,0,0,0,0,0,0,0,0,1.76849258398
"SNX24",0,0,0,0,0,0,0,0,0,0,0,0,6.89935571746,0
"SOCS3",0,0,0,0,4.511914559,0,0,0,0,0,0,0,0,0
"SOD2",0,0,0,0,11.15615017,0,0,13.62311027,0,0,0,0,0,0
"SORD",0,0,0,0,0,0,0,0,0,0,0,5.77756578443,0,0
"SP100",0,0,4.476509316,0,0,0,0,0,0,0,0,0,0,0
"SP110",0,0,8.678712721,0,0,0,0,0,0,0,0,0,0,0
"SP140L",0,0,2.337863254,0,0,0,0,0,0,0,0,0,0,0
"SPAG4",0,10.21307147,0,0,0,0,0,0,0,0,0,0,0,0
"SPAG6",0,0,0,0,0,0,0,0,0,-1.570915269,0,0,0,0
"SPATA18",0,0,0,0,0,0,0,0,0,0,7.848997965,0,0,0
"SPATA2L",1.756497668,0,0,0,0,0,0,0,0,0,0,0,0,0
"SPDEF",0,0,0,0,0,0,0,0,0,0,0,3.75095128457,0,0
"SPECC1",0,0,0,0,0,0,2.574113753,0,0,0,0,0,0,0
"SPG11",0,0,0,-1.337883685,0,0,0,0,0,0,0,0,0,0
"SPHK1",0,0,0,0,0,0,6.090111539,0,0,0,0,0,0,0
"SPINK2",0,0,0,0,0,0,0,0,1.333166094,-1.891189378,0,0,0,0
"SPOCD1",4.295689401,0,0,0,0,0,0,0,0,0,0,0,0,0
"SPRED1",0,0,0,6.209948244,0,0,0,0,0,0,0,0,0,0
"SPRED2",0,0,0,3.501834641,0,0,0,0,0,0,0,0,0,0
"SPRY2",0,0,0,9.481584748,0,0,0,0,0,0,0,0,0,0
"SPRY4",0,0,0,10.11447054,0,0,0,0,0,0,0,0,0,0
"SPSB3",0,0,0,0,0,-6.533728558,0,0,0,0,0,0,0,0
"SQRDL",0,0,0,0,0,0,0,5.956715168,0,0,0,0,0,0
"SRGAP2",0,0,0,0,0,0,0,0,0,-4.340003644,0,0,0,0
"SRGAP3",0,0,0,0,0,0,0,0,0,0,2.518547605,0,0,0
"SRGN",0,0,0,0,0,0,0,3.951328386,0,0,0,0,0,0
"SRP14",0,0,0,-1.594412343,0,0,0,0,0,0,0,0,0,0
"STAG1",0,0,0,0,0,0,0,0,0,0,-3.865113349,0,0,0
"STAT1",0,0,9.083936566,0,0,0,0,0,0,0,0,0,0,0
"STAT2",0,0,4.147176068,0,0,0,0,0,0,0,0,0,0,0
"STAT5A",0,0,0,0,3.986561003,0,0,0,0,0,0,0,0,0
"STC2",0,0,0,0,0,0,0,0,0,0,0,0,10.2860517134,0
"STEAP4",0,0,0,0,0,0,0,0,0,0,0,9.19433931111,0,0
"STK17A",0,0,0,2.940566877,0,0,0,0,0,0,0,0,0,0
"STK39",0,0,0,0,0,0,0,0,0,0,0,6.93412462041,0,0
"STX11",0,0,0,0,4.525232449,0,0,0,0,0,0,0,0,0
"STX1A",0,0,0,2.215151214,0,0,0,0,0,0,0,0,0,0
"STX6",0,0,0,0,0,0,0,0,0,0,3.465799996,0,0,0
"STX8",0,0,0,-1.106406425,0,0,0,0,0,0,0,0,0,0
"SYF2",-1.407635752,0,0,0,0,0,0,0,0,0,0,0,0,0
"SYK",0,0,0,0,0,0,0,0,0,0,0,0,0,-1.72470371194
"SYNDIG1",0,0,0,0,0,0,1.83640386,0,0,0,0,0,0,0
"SYT12",0,0,0,0,0,0,0,0,0,0,0,0,0,-1.25326075663
"SYT15",0,0,0,0,0,0,3.857743154,0,0,0,0,0,0,0
"SYTL2",0,0,0,0,0,0,0,0,0,0,0,-5.38953615735,0,0
"T",0,0,0,0,0,0,0,0,0,0,0,0,0,-0.954038286972
"TACC1",0,0,0,0,0,0,0,0,0,0,0,0,-3.37486737164,0
"TAP1",0,0,9.777638343,0,0,0,0,0,0,0,0,0,0,0
"TAP2",0,0,3.592260361,0,0,0,0,0,0,0,0,0,0,0
"TAPBP",0,0,0,0,0,0,0,3.979742517,0,0,0,0,0,0
"TAS2R5",0,0,0,0,0,0,0,0,-2.176068075,0,0,0,0,0
"TAS2R9",0,0,0,0,0,0,0,0,1.117047785,0,0,0,0,0
"TBC1D15",0,0,0,0,0,-5.41263104,0,0,0,0,0,0,0,0
"TCOF1",0,0,0,2.211578055,0,0,0,0,0,0,0,0,0,0
"TCTN2",0,0,0,0,0,0,0,0,0,0,0,0,0,-1.51731000002
"TDRD7",0,0,6.56664682,0,0,0,0,0,0,0,0,0,0,0
"TDRKH",0,0,0,0,0,0,0,0,0,0,0,0,0,-1.71027369375
"TEC",0,0,0,0,0,0,0,0,2.051321639,0,0,0,0,0
"TESPA1",0,0,0,0,0,0,0,0,0.966658874,0,0,0,0,0
"TEX37",0,0,0,0,0,0,0,0,0,0,3.038482578,0,0,0
"TFDP2",0,0,0,0,0,-5.673588227,0,0,0,0,0,0,0,0
"TFF1",0,0,0,0,0,0,0,0,0,0,0,0,14.4302547293,0
"TGFB3",0,0,0,0,0,0,0,0,0,0,0,0,-5.33026789517,0
"THNSL2",0,0,0,0,0,-4.318340579,0,0,0,0,0,0,0,0
"TIAM1",0,0,0,0,0,0,0,0,0,0,0,0,4.47348368321,0
"TICAM1",0,0,0,0,3.492084674,0,0,3.463756663,0,0,0,0,0,0
"TIFA",0,0,0,0,5.144112446,0,0,6.052292772,0,0,0,0,0,0
"TIGAR",0,0,0,0,0,0,0,0,0,0,10.15149541,0,0,0
"TLDC2",0,0,0,0,0,0,0,0,1.747164456,0,0,0,0,0
"TLE1",0,0,0,0,0,0,0,0,0,0,0,0,-4.10217257102,0
"TLE4",0,0,0,0,0,0,0,0,0,0,0,0,0,-1.73347206901
"TLL1",0,0,0,0,0,0,0,0,0,0,0,-2.46391807731,0,0
"TLR10",0,0,0,0,0,0,0,0,-1.518578264,0,0,0,0,0
"TLR2",0,0,0,0,5.414219976,0,0,7.039357768,0,0,0,0,0,0
"TMCC3",0,0,0,0,0,0,0,0,0,7.271993919,0,0,0,0
"TMEM135",0,0,0,0,0,0,0,0,0,0,0,0,-3.50320154881,0
"TMEM140",0,0,5.107141044,0,0,0,0,0,0,0,0,0,0,0
"TMEM217",0,0,0,0,3.35381326,0,0,4.03815068,0,0,0,0,0,0
"TMEM259",0,0,0,0,0,0,0,0,-1.490116466,0,0,0,0,0
"TMEM27",0,0,0,0,0,0,0,0,0,0,6.829341076,0,0,0
"TMEM42",0,0,0,0,0,-7.989326748,0,0,0,0,0,0,0,0
"TMEM45A",0,17.87680016,0,0,0,0,0,0,0,0,0,0,0,0
"TMEM59",-1.864066427,0,0,-2.264272963,0,0,0,0,0,0,0,0,0,0
"TMEM62",0,0,2.306935299,0,0,0,0,0,0,0,0,0,0,0
"TMEM63B",0,0,0,0,0,0,0,0,0,0,4.807352227,0,0,0
"TMEM74",0,0,0,0,0,0,0,0,1.232064792,0,0,0,0,0
"TMPRSS2",0,0,0,0,0,0,0,0,0,0,0,11.4906307374,0,0
"TMUB2",0,0,0,-1.67381618,0,0,0,0,0,0,0,0,0,0
"TMX2",0,-3.697944018,0,0,0,0,0,0,0,0,0,0,0,0
"TNF",0,0,0,0,18.63926206,0,0,0,0,0,0,0,0,0
"TNFAIP1",0,0,0,0,0,0,0,2.778549385,0,0,0,0,0,0
"TNFAIP2",0,0,0,0,10.91080739,0,0,12.2137267,0,0,0,0,0,0
"TNFAIP3",0,0,0,0,28.37375231,0,0,35.40071755,0,0,0,0,0,0
"TNFAIP6",0,0,0,0,19.18226346,0,0,0,0,0,0,0,0,0
"TNFAIP8",0,0,0,0,4.936823805,0,0,0,0,0,0,0,0,0
"TNFRSF10A",0,0,0,5.173044327,0,0,0,0,0,0,0,0,0,0
"TNFRSF10B",0,0,0,0,0,0,0,0,0,0,6.009459388,0,0,0
"TNFRSF9",0,0,0,0,5.996059048,0,0,0,0,0,0,0,0,0
"TNFSF15",0,0,0,0,6.245847275,0,0,0,0,0,0,0,0,0
"TNFSF4",0,0,0,0,0,0,5.503893035,0,0,0,0,0,0,0
"TNIP1",0,0,0,0,6.134726677,0,0,6.429594434,0,0,0,0,0,0
"TNIP2",0,0,0,0,3.310727351,0,0,3.394289978,0,0,0,0,0,0
"TNIP3",0,0,0,0,8.259340938,0,0,0,0,0,0,0,0,0
"TNNI3",0,0,0,0,0,-3.672194422,0,0,0,0,0,0,0,0
"TNS3",0,0,0,-2.726463813,0,0,0,0,0,0,0,0,0,0
"TOP1",0,0,0,3.633408801,0,0,0,0,0,0,0,0,0,0
"TP53I3",0,0,0,0,0,0,0,0,0,0,18.26114733,0,0,0
"TP53INP1",0,0,0,0,0,0,0,0,0,0,8.658382263,0,0,0
"TPD52",0,0,0,0,0,0,0,0,0,0,0,4.54571137515,0,0
"TPD52L1",0,0,0,0,0,0,0,0,0,0,0,0,10.085513349,0
"TPH1",0,0,0,0,0,0,0,0,0,0,0,0,0,1.0144342317
"TPM1",0,0,0,0,0,0,4.595360809,0,0,0,0,0,0,0
"TPPP",0,0,0,0,0,-2.543118161,0,0,0,0,0,0,0,0
"TRAF1",0,0,0,0,10.3355766,0,0,9.396001195,0,0,0,0,0,0
"TRANK1",0,0,3.588874685,0,0,0,0,0,0,0,0,0,0,0
"TRH",0.771964661,0,0,0,0,0,0,0,0,0,0,0,0,0
"TRIAP1",0,0,0,0,0,0,0,0,0,0,6.422788982,0,0,0
"TRIB1",3.917794383,0,0,4.182943072,0,0,0,0,0,0,0,0,0,0
"TRIM14",0,0,3.037958851,0,0,0,0,0,0,0,0,0,0,0
"TRIM21",0,0,6.674188117,0,0,0,0,0,0,0,0,0,0,0
"TRIM22",0,0,10.5674575,0,0,0,0,0,0,0,0,0,0,0
"TRIM25",0,0,3.414130921,0,0,0,0,0,0,0,0,0,0,0
"TRIM38",0,0,3.492726146,0,0,0,0,0,0,0,0,0,0,0
"TRIM47",0,0,0,0,0,0,0,5.244304088,0,0,0,0,0,0
"TRIM5",0,0,3.423490343,0,0,0,0,0,0,0,0,0,0,0
"TRIM52",-2.012160332,0,0,-2.201190387,0,0,0,0,0,0,0,0,0,0
"TRIM63",0,0,0,0,0,-5.528597674,0,0,0,0,0,0,0,0
"TRIM72",0,0,0,0,0,0,0,0,1.586638555,0,0,0,0,0
"TRIP10",0,0,0,0,4.167561749,0,0,0,0,0,0,0,0,0
"TRMT2B",0,0,0,0,0,0,0,0,0,0,0,0,0,1.80002842507
"TRPM8",0,0,0,0,0,0,0,0,0,0,0,3.83541868895,0,0
"TSHZ2",0,0,0,0,0,0,0,0,0,0,0,0,0,-1.23388644759
"TSNARE1",0,0,0,0,0,-2.431503301,0,0,0,0,0,0,0,0
"TSPAN2",0,0,0,0,0,0,5.502326116,0,0,0,0,0,0,0
"TSPAN3",0,0,0,0,0,0,0,0,0,0,0,-3.04694823602,0,0
"TTC12",0,0,0,0,0,-3.184873043,0,0,0,0,0,0,0,0
"TTC28",0,0,0,0,0,0,0,0,0,-2.073896422,0,0,0,0
"TTC33",-1.384408982,0,0,0,0,0,0,0,0,0,0,0,0,0
"TUBB4B",4.084510208,0,0,0,0,0,0,0,0,0,0,0,0,0
"TUBB7P",0.99687917,0,0,0,0,0,0,0,0,0,0,0,0,0
"TUFT1",0,0,0,0,0,0,6.010991297,0,0,0,0,0,0,0
"TYMP",0,0,0,0,0,0,0,4.018625143,0,0,0,0,0,0
"TYR",0,0,0,0,0,-5.076854089,0,0,0,0,0,0,0,0
"UAP1",0,0,0,0,0,0,0,0,0,0,0,7.62235942884,0,0
"UAP1L1",0,0,0,0,0,0,0,0,2.797372356,0,0,0,0,0
"UBA2",0,0,0,2.079878488,0,0,0,0,0,0,0,0,0,0
"UBALD2",0,0,0,0,0,-9.985377465,0,0,0,0,0,0,0,0
"UBASH3B",0,0,0,4.967624012,0,0,0,0,0,0,0,0,0,0
"UBE2J1",0,0,0,0,0,0,0,0,0,0,0,3.76002103397,0,0
"UBE2L6",0,0,8.215585126,0,0,0,0,0,0,0,0,0,0,0
"UBE2Q2P1",0,0,0,0,0,0,0,0,0,-9.715835344,0,0,0,0
"UBE2Z",0,0,0,0,2.152932766,0,0,2.248799622,0,0,0,0,0,0
"UNC5B",0,0,0,0,0,0,3.833819522,0,0,0,0,0,0,0
"UNC5B-AS1",0,0,0,0,0,0,0,0,0,0,9.431768962,0,0,0
"UNC5D",0,0,0,0,0,0,0,0,0,-2.539427549,0,0,0,0
"UPK1B",0,0,0,0,0,0,0,0,0,0,0,0,0,1.62050396442
"UPK2",0,0,0,0,0,0,0,0,0,0,0,0,-3.38692225002,0
"USP18",0,0,12.17801175,0,0,0,0,0,0,0,0,0,0,0
"USP43",0,0,0,0,0,0,0,3.449224556,0,0,0,0,0,0
"UXS1",0,0,0,0,0,0,0,4.234970822,0,0,0,0,0,0
"VAMP5",0,0,0,0,0,-4.361074003,0,0,0,0,0,0,0,0
"VASH2",0,0,0,0,0,0,0,0,0,-3.043760196,0,0,0,0
"VAV3",-3.386485036,0,0,0,0,0,0,0,0,0,0,0,0,0
"VEGFA",0,10.61289893,0,0,0,0,0,0,0,0,0,0,0,0
"VHL",0,0,0,0,0,0,0,0,-1.192308107,0,0,0,0,0
"VKORC1",0,5.419433674,0,0,0,0,0,0,0,0,0,0,0,0
"VLDLR",0,10.26633414,0,0,0,0,0,0,0,0,0,0,0,0
"VPREB1",0,0,0,0,0,0,0,0,0,-3.179690169,0,0,0,0
"VPREB3",0,0,0,0,0,0,0,0,0,-3.392337935,0,0,0,0
"VPS9D1-AS1",1.601747009,0,0,0,0,0,0,0,0,0,0,0,0,0
"VTRNA1-2",0,0,0,0,0,0,0,0,0,12.31490434,0,0,0,0
"VWA8",0,0,0,0,0,0,0,0,0,-3.60680434,0,0,0,0
"WBSCR27",0,0,0,0,0,-4.549873055,0,0,0,0,0,0,0,0
"WDR19",-1.493789424,0,0,0,0,0,0,0,0,0,0,0,0,0
"WDR3",0,0,0,2.299115299,0,0,0,0,0,0,0,0,0,0
"WDR31",0,0,0,0,0,-3.943838782,0,0,0,0,0,0,0,0
"WDR45B",0,4.504362332,0,0,0,0,0,0,0,0,0,0,0,0
"WDR54",0,5.695501642,0,0,0,0,0,0,0,0,0,0,0,0
"WDR63",0,0,0,0,0,0,0,0,0,0,13.09840588,0,0,0
"WDR78",0,0,0,0,0,-3.627122575,0,0,0,0,0,0,0,0
"WDR97",0,0,0,0,0,0,0,0,-1.350648835,0,0,0,0,0
"WFDC10A",0,0,0,0,0,0,0,0,1.598195959,0,0,0,0,0
"WFDC2",0,0,0,0,0,0,0,0,0,0,0,0,0,-1.31768738028
"WFS1",0,0,0,0,0,0,0,0,0,0,0,0,4.21639521035,0
"WIPI2",0,0,0,0,0,-3.15306606,0,0,0,0,0,0,0,0
"WNT16",0,0,0,0,0,0,0,0,0,-2.038011228,0,0,0,0
"WNT8A",0,0,0,0,0,0,0,0,-1.84696161,0,0,0,0,0
"WSB1",0,7.024224348,0,0,0,0,0,0,0,0,0,0,0,0
"WT1-AS",0,0,0,0,0,0,0,0,2.22510536,0,0,0,0,0
"WTAP",0,0,0,0,3.766634403,0,0,3.221528199,0,0,0,0,0,0
"WWC1",0,0,0,0,0,0,0,0,0,0,0,0,5.58743801371,0
"XAF1",0,0,8.780286115,0,0,0,0,0,0,0,0,0,0,0
"XBP1",0,0,0,0,0,0,0,0,0,0,0,0,5.71530844515,0
"XK",0,0,0,0,0,0,0,0,0,-4.115595055,0,0,0,0
"XKR4",0,0,0,0,0,0,0,0,0,-3.632515764,0,0,0,0
"XPC",0,0,0,0,0,0,0,0,0,0,6.587026009,0,0,0
"XRCC3",1.487957075,0,0,1.543756562,0,0,0,0,0,0,0,0,0,0
"XRCC4",0,0,0,0,0,0,3.377231862,0,0,0,0,0,0,0
"XYLT1",0,0,0,0,0,0,3.197715603,0,0,0,0,0,0,0
"YBX2",0,0,0,0,0,-4.419857345,0,0,0,0,0,0,0,0
"YEATS2",0,5.353127517,0,0,0,0,0,0,0,0,0,0,0,0
"YIPF5",0,0,0,0,0,0,2.811936356,0,0,0,0,0,0,0
"YRDC",0,0,0,3.625646429,0,0,0,0,0,0,0,0,0,0
"ZBED8",-3.116848774,0,0,0,0,0,0,0,0,0,0,0,0,0
"ZBP1",0,0,1.94145156,0,0,0,0,0,0,0,0,0,0,0
"ZBTB16",0,0,0,0,0,0,0,0,0,0,0,10.6144369438,0,0
"ZBTB25",0,3.419058808,0,0,0,0,0,0,0,0,0,0,0,0
"ZBTB3",0,0,0,-1.569163973,0,0,0,0,0,0,0,0,0,0
"ZC3HAV1",0,0,5.133726993,0,0,0,0,0,0,0,0,0,0,0
"ZDHHC7",0,0,0,0,0,0,0,0,0,0,0,0,-4.83093256313,0
"ZFP30",0,0,0,0,0,0,0,0,0,0,0,0,0,1.53566031892
"ZIM3",0,0,0,0,0,0,0,0,1.498060659,0,0,0,0,0
"ZMAT3",0,0,0,0,0,0,0,0,0,0,7.956698265,0,0,0
"ZMPSTE24",0,-4.392340278,0,0,0,0,0,0,0,0,0,0,0,0
"ZNF160",0,2.713924225,0,0,0,0,0,0,0,0,0,0,0,0
"ZNF200",0,0,0,0,0,0,0,0,0,3.504692053,0,0,0,0
"ZNF224",-1.397309855,0,0,0,0,0,0,0,0,0,0,0,0,0
"ZNF230",0,0,0,0,0,0,0,0,0,0,0,0,0,1.38534278144
"ZNF257",0,0,0,0,0,0,0,0,0,-4.556145548,0,0,0,0
"ZNF292",0,6.023938112,0,0,0,0,0,0,0,0,0,0,0,0
"ZNF32-AS3",0,0,0,0,0,0,0,0,0.895893487,0,0,0,0,0
"ZNF337",0,0,0,0,0,0,0,0,0,0,3.30176303,0,0,0
"ZNF347",0,0,0,0,0,0,0,0,0,3.03105365,0,0,0,0
"ZNF350",-1.263500067,0,0,0,0,0,0,0,0,0,0,0,0,0
"ZNF385D",0,0,0,0,0,0,0,0,0,0,0,0,0,-1.28117922528
"ZNF395",0,8.060934044,0,0,0,0,0,0,0,0,0,0,0,0
"ZNF415",0,0,0,0,0,0,0,0,0,-2.783465058,0,0,0,0
"ZNF43",0,0,0,0,0,0,0,0,0,0,0,0,0,2.2320690359
"ZNF45",0,0,0,0,0,0,0,0,0,0,0,0,0,2.19565822721
"ZNF451",-1.056006881,0,0,0,0,0,0,0,0,0,0,0,0,0
"ZNF552",0,0,0,0,0,0,0,0,0,0,0,0,2.88661715189,1.10289013974
"ZNF554",0,0,0,0,0,-2.674978239,0,0,0,0,0,0,0,0
"ZNF561",0,0,0,0,0,0,0,0,0,0,10.1232182,0,0,0
"ZNF571",-1.903966942,0,0,0,0,0,0,0,0,0,0,0,0,0
"ZNF597",0,0,0,0,0,0,0,0,0,3.020880055,0,0,0,0
"ZNF613",0,0,0,0,0,0,0,0,0,0,0,0,0,1.33650285529
"ZNF654",0,4.288061963,0,0,0,0,0,0,0,0,0,0,0,0
"ZNF669",0,0,0,0,0,0,0,0,0,-2.187453209,0,0,0,0
"ZNF701",0,0,0,0,0,0,0,0,0,0,0,0,0,1.03723151382
"ZNF75D",-1.315819473,0,0,0,0,0,0,0,0,0,0,0,0,0
"ZNF79",0,0,0,0,0,0,0,0,0,0,4.020263344,0,0,0
"ZNF83",0,0,0,0,0,0,0,0,0,0,-5.857518761,0,0,0
"ZNFX1",0,0,6.496398214,0,0,0,0,0,0,0,0,0,0,0
"ZNRF4",0,0,0,0,0,0,0,0,1.033885419,0,0,0,0,0
"ZSCAN2",0,0,0,0,0,-3.158743454,0,0,0,0,0,0,0,0
"ZSCAN31",-3.100091709,0,0,-3.327864221,0,0,0,0,0,0,0,0,0,0
"ZSCAN4",0,0,0,0,0,0,0,0,0,0,3.183462506,0,0,0
